game_id,season,date,game_type,neutral_site,home_team,away_team,home_score,away_score,home_result,winner,point_margin,total_points,elo1,elo2,elo_prob1
1995_1995-09-03_BUF_DEN,1995,1995-09-03,Regular Season,FALSE,DEN,BUF,22,7,W,DEN,15,29,1499.817,1496.155,0.5975459472042431
1995_1995-09-03_CIN_IND,1995,1995-09-03,Regular Season,FALSE,IND,CIN,21,24,L,CIN,3,45,1464.153,1377.48,0.7053903280275431
1995_1995-09-03_CAR_ATL,1995,1995-09-03,Regular Season,FALSE,ATL,CAR,23,20,W,ATL,3,43,1464.162,1300,0.7890423367149595
1995_1995-09-03_DET_PIT,1995,1995-09-03,Regular Season,FALSE,PIT,DET,23,20,W,PIT,3,43,1591.956,1524.531,0.6818527885762471
1995_1995-09-03_TB_PHI,1995,1995-09-03,Regular Season,FALSE,PHI,TB,6,21,L,TB,15,27,1483.774,1432.63,0.6611848126398677
1995_1995-09-03_CLE_NE,1995,1995-09-03,Regular Season,FALSE,NE,CLE,17,14,W,NE,3,31,1538.844,1556.484,0.5677374886117118
1995_1995-09-03_SF_NO,1995,1995-09-03,Regular Season,FALSE,NO,SF,22,24,L,SF,2,46,1492.151,1675.847,0.33553206423128124
1995_1995-09-03_LAC_OAK,1995,1995-09-03,Regular Season,FALSE,OAK,LAC,17,7,W,OAK,10,24,1521.353,1564.936,0.5307825605550592
1995_1995-09-03_KC_SEA,1995,1995-09-03,Regular Season,FALSE,SEA,KC,10,34,L,KC,24,44,1426.033,1537.517,0.43350045937549414
1995_1995-09-03_MIN_CHI,1995,1995-09-03,Regular Season,FALSE,CHI,MIN,31,14,W,CHI,17,45,1510.055,1515.789,0.5844728853485237
1995_1995-09-03_ARI_WSH,1995,1995-09-03,Regular Season,FALSE,WSH,ARI,27,7,W,WSH,20,34,1414.692,1513.879,0.45095912435331575
1995_1995-09-03_TEN_JAX,1995,1995-09-03,Regular Season,FALSE,JAX,TEN,3,10,L,TEN,7,13,1300,1421.405,0.4195323872083238
1995_1995-09-03_LAR_GB,1995,1995-09-03,Regular Season,FALSE,GB,LAR,14,17,L,LAR,3,31,1559.068,1393.793,0.790106826442616
1995_1995-09-03_NYJ_MIA,1995,1995-09-03,Regular Season,FALSE,MIA,NYJ,52,14,W,MIA,38,66,1551.178,1435.271,0.7391170393411524
1995_1995-09-04_DAL_NYG,1995,1995-09-04,Regular Season,FALSE,NYG,DAL,0,35,L,DAL,35,35,1538.837,1638.011,0.4509776529488187
1995_1995-09-10_DEN_DAL,1995,1995-09-10,Regular Season,FALSE,DAL,DEN,31,21,W,DAL,10,52,1669.838,1521.459,0.7735223432942726
1995_1995-09-10_CAR_BUF,1995,1995-09-10,Regular Season,FALSE,BUF,CAR,31,9,W,BUF,22,40,1474.514,1294.703,0.803646895806998
1995_1995-09-10_JAX_CIN,1995,1995-09-10,Regular Season,FALSE,CIN,JAX,24,17,W,CIN,7,41,1398.485,1282.988,0.7386616913284937
1995_1995-09-10_TB_CLE,1995,1995-09-10,Regular Season,FALSE,CLE,TB,22,6,W,CLE,16,28,1544.752,1471.337,0.6892854399041363
1995_1995-09-10_PHI_ARI,1995,1995-09-10,Regular Season,FALSE,ARI,PHI,19,31,L,PHI,12,50,1479.92,1445.067,0.6398700276252057
1995_1995-09-10_SEA_LAC,1995,1995-09-10,Regular Season,FALSE,LAC,SEA,14,10,W,LAC,4,24,1542.651,1398.703,0.7690227576215104
1995_1995-09-10_NO_LAR,1995,1995-09-10,Regular Season,FALSE,LAR,NO,17,13,W,LAR,4,30,1418.261,1485.156,0.4972729028230781
1995_1995-09-10_DET_MIN,1995,1995-09-10,Regular Season,FALSE,MIN,DET,20,10,W,MIN,10,30,1492.398,1516.211,0.5589967540459642
1995_1995-09-10_MIA_NE,1995,1995-09-10,Regular Season,FALSE,NE,MIA,3,20,L,MIA,17,23,1550.576,1568.841,0.5668543350118476
1995_1995-09-10_IND_NYJ,1995,1995-09-10,Regular Season,FALSE,NYJ,IND,24,27,L,IND,3,51,1417.608,1443.147,0.5565460061879951
1995_1995-09-10_PIT_TEN,1995,1995-09-10,Regular Season,FALSE,TEN,PIT,17,34,L,PIT,17,51,1438.417,1600.276,0.3641110068986141
1995_1995-09-10_ATL_SF,1995,1995-09-10,Regular Season,FALSE,SF,ATL,41,10,W,SF,31,51,1682.842,1469.46,0.8323668918770074
1995_1995-09-10_OAK_WSH,1995,1995-09-10,Regular Season,FALSE,WSH,OAK,8,20,L,OAK,12,28,1448.651,1543.639,0.4569506492972656
1995_1995-09-10_NYG_KC,1995,1995-09-10,Regular Season,FALSE,KC,NYG,20,17,W,KC,3,37,1564.848,1507.01,0.6697627852731617
1995_1995-09-11_GB_CHI,1995,1995-09-11,Regular Season,FALSE,CHI,GB,24,27,L,GB,3,51,1533.445,1534.601,0.5908585252956507
1995_1995-09-17_CHI_TB,1995,1995-09-17,Regular Season,FALSE,TB,CHI,6,25,L,CHI,19,31,1454.773,1516.574,0.504603600977329
1995_1995-09-17_JAX_NYJ,1995,1995-09-17,Regular Season,FALSE,NYJ,JAX,27,10,W,NYJ,17,37,1401.896,1272.944,0.7533347369987929
1995_1995-09-17_CLE_TEN,1995,1995-09-17,Regular Season,FALSE,TEN,CLE,7,14,L,CLE,7,21,1418.256,1561.316,0.3895154439230882
1995_1995-09-17_CIN_SEA,1995,1995-09-17,Regular Season,FALSE,SEA,CIN,24,21,W,SEA,3,45,1391.913,1408.53,0.5691821032694351
1995_1995-09-17_NE_SF,1995,1995-09-17,Regular Season,FALSE,SF,NE,28,3,W,SF,25,31,1693.156,1517.097,0.800216358354501
1995_1995-09-17_LAC_PHI,1995,1995-09-17,Regular Season,FALSE,PHI,LAC,21,27,L,LAC,6,48,1479.452,1549.441,0.49282074529258607
1995_1995-09-17_LAR_CAR,1995,1995-09-17,Regular Season,FALSE,CAR,LAR,10,31,L,LAR,21,41,1283.623,1434.457,0.3789281368843636
1995_1995-09-17_IND_BUF,1995,1995-09-17,Regular Season,FALSE,BUF,IND,20,14,W,BUF,6,34,1485.594,1458.86,0.6290313064835941
1995_1995-09-17_WSH_DEN,1995,1995-09-17,Regular Season,FALSE,DEN,WSH,38,31,W,DEN,7,69,1511.558,1425.525,0.7046241310583085
1995_1995-09-17_ARI_DET,1995,1995-09-17,Regular Season,FALSE,DET,ARI,17,20,L,ARI,3,37,1495.45,1445.534,0.6595994336013599
1995_1995-09-17_NYG_GB,1995,1995-09-17,Regular Season,FALSE,GB,NYG,14,6,W,GB,8,20,1551.473,1498.338,0.663747563533246
1995_1995-09-17_OAK_KC,1995,1995-09-17,Regular Season,FALSE,KC,OAK,23,17,W,KC,6,40,1573.519,1566.765,0.6018188003938963
1995_1995-09-17_DAL_MIN,1995,1995-09-17,Regular Season,FALSE,MIN,DAL,17,23,L,DAL,6,40,1513.159,1679.739,0.3578423094746656
1995_1995-09-17_ATL_NO,1995,1995-09-17,Regular Season,FALSE,NO,ATL,24,27,L,ATL,3,51,1468.96,1459.145,0.6060335894296821
1995_1995-09-18_PIT_MIA,1995,1995-09-18,Regular Season,FALSE,MIA,PIT,23,10,W,MIA,13,33,1602.321,1620.436,0.567066330834981
1995_1995-09-24_MIN_PIT,1995,1995-09-24,Regular Season,FALSE,PIT,MIN,24,44,L,MIN,20,68,1598.062,1499.847,0.7190069453404369
1995_1995-09-24_NO_NYG,1995,1995-09-24,Regular Season,FALSE,NYG,NO,45,29,W,NYG,16,74,1484.314,1451.566,0.6370730422181038
1995_1995-09-24_GB_JAX,1995,1995-09-24,Regular Season,FALSE,JAX,GB,14,24,L,GB,10,38,1259.84,1565.496,0.20015477541469168
1995_1995-09-24_WSH_TB,1995,1995-09-24,Regular Season,FALSE,TB,WSH,14,6,W,TB,8,20,1424.496,1414.03,0.6069279641879839
1995_1995-09-24_NYJ_ATL,1995,1995-09-24,Regular Season,FALSE,ATL,NYJ,13,3,W,ATL,10,16,1476.54,1415,0.674459070241477
1995_1995-09-24_PHI_OAK,1995,1995-09-24,Regular Season,FALSE,OAK,PHI,48,17,W,OAK,31,65,1551.758,1460.316,0.7110630371029744
1995_1995-09-24_CHI_LAR,1995,1995-09-24,Regular Season,FALSE,LAR,CHI,34,28,W,LAR,6,62,1457.003,1546.851,0.4643016967770518
1995_1995-09-24_TEN_CIN,1995,1995-09-24,Regular Season,FALSE,CIN,TEN,28,38,L,TEN,10,66,1396.842,1402.612,0.5844225550465756
1995_1995-09-24_KC_CLE,1995,1995-09-24,Regular Season,FALSE,CLE,KC,35,17,W,CLE,18,52,1576.961,1588.526,0.5762985069222485
1995_1995-09-24_ARI_DAL,1995,1995-09-24,Regular Season,FALSE,DAL,ARI,34,20,W,DAL,14,54,1693.051,1464.83,0.8439498652018844
1995_1995-09-24_DEN_LAC,1995,1995-09-24,Regular Season,FALSE,LAC,DEN,17,6,W,LAC,11,23,1568.577,1523.053,0.6539001364947943
1995_1995-09-25_SF_DET,1995,1995-09-25,Regular Season,FALSE,DET,SF,27,24,W,DET,3,51,1476.154,1704.889,0.2803886848352475
1995_1995-10-01_NYG_SF,1995,1995-10-01,Regular Season,FALSE,SF,NYG,20,6,W,SF,14,26,1683.333,1504.004,0.8032086966390993
1995_1995-10-01_LAC_PIT,1995,1995-10-01,Regular Season,FALSE,PIT,LAC,31,16,W,PIT,15,47,1550.773,1584.955,0.5442347160938169
1995_1995-10-01_LAR_IND,1995,1995-10-01,Regular Season,FALSE,IND,LAR,21,18,W,IND,3,39,1445,1478.089,0.5457949189025747
1995_1995-10-01_NE_ATL,1995,1995-10-01,Regular Season,FALSE,ATL,NE,30,17,W,ATL,13,47,1491.303,1505.364,0.5727863278440671
1995_1995-10-01_TB_CAR,1995,1995-10-01,Regular Season,FALSE,CAR,TB,13,20,L,TB,7,33,1261.077,1441.196,0.34013824045438595
1995_1995-10-01_DAL_WSH,1995,1995-10-01,Regular Season,FALSE,WSH,DAL,27,23,W,WSH,4,50,1397.33,1700.509,0.2024472630343077
1995_1995-10-01_MIA_CIN,1995,1995-10-01,Regular Season,FALSE,CIN,MIA,23,26,L,MIA,3,49,1368.039,1624.695,0.2491294508201217
1995_1995-10-01_KC_ARI,1995,1995-10-01,Regular Season,FALSE,ARI,KC,3,24,L,KC,21,27,1457.372,1564.167,0.4401406245307052
1995_1995-10-01_PHI_NO,1995,1995-10-01,Regular Season,FALSE,NO,PHI,10,15,L,PHI,5,25,1431.876,1441.618,0.5788588506952356
1995_1995-10-01_OAK_NYJ,1995,1995-10-01,Regular Season,FALSE,NYJ,OAK,10,47,L,OAK,37,57,1400.237,1570.456,0.3530431637448179
1995_1995-10-01_JAX_TEN,1995,1995-10-01,Regular Season,FALSE,TEN,JAX,16,17,L,JAX,1,33,1431.415,1251.187,0.8040254064978349
1995_1995-10-01_DEN_SEA,1995,1995-10-01,Regular Season,FALSE,SEA,DEN,27,10,W,SEA,17,37,1403.601,1506.675,0.44542539770121115
1995_1995-10-02_BUF_CLE,1995,1995-10-02,Regular Season,FALSE,CLE,BUF,19,22,L,BUF,3,41,1601.32,1499.454,0.7232334941588885
1995_1995-10-08_WSH_PHI,1995,1995-10-08,Regular Season,FALSE,PHI,WSH,37,34,W,PHI,3,71,1462.896,1426.119,0.6424182370268765
1995_1995-10-08_CAR_CHI,1995,1995-10-08,Regular Season,FALSE,CHI,CAR,31,27,W,CHI,4,58,1525.764,1247.634,0.878170159518545
1995_1995-10-08_GB_DAL,1995,1995-10-08,Regular Season,FALSE,DAL,GB,34,24,W,DAL,10,58,1671.72,1574.149,0.7182573575872604
1995_1995-10-08_CLE_DET,1995,1995-10-08,Regular Season,FALSE,DET,CLE,38,20,W,DET,18,58,1497.71,1579.622,0.4756808799056466
1995_1995-10-08_PIT_JAX,1995,1995-10-08,Regular Season,FALSE,JAX,PIT,20,16,W,JAX,4,36,1263.732,1575.697,0.19440385740160684
1995_1995-10-08_IND_MIA,1995,1995-10-08,Regular Season,FALSE,MIA,IND,24,27,L,IND,3,51,1631.049,1457.413,0.7979771641042809
1995_1995-10-08_TEN_MIN,1995,1995-10-08,Regular Season,FALSE,MIN,TEN,23,17,W,MIN,6,40,1547.136,1418.871,0.7525991345342223
1995_1995-10-08_DEN_NE,1995,1995-10-08,Regular Season,FALSE,NE,DEN,3,37,L,DEN,34,40,1483.326,1474.052,0.6052897966867357
1995_1995-10-08_ARI_NYG,1995,1995-10-08,Regular Season,FALSE,NYG,ARI,27,21,W,NYG,6,48,1494.411,1430.67,0.6772347684202826
1995_1995-10-08_SEA_OAK,1995,1995-10-08,Regular Season,FALSE,OAK,SEA,34,14,W,OAK,20,48,1594.968,1436.224,0.7838040698440909
1995_1995-10-08_CIN_TB,1995,1995-10-08,Regular Season,FALSE,TB,CIN,19,16,W,TB,3,35,1454.639,1361.685,0.712847957582371
1995_1995-10-08_NYJ_BUF,1995,1995-10-08,Regular Season,FALSE,BUF,NYJ,29,10,W,BUF,19,39,1521.152,1375.724,0.7705325906817581
1995_1995-10-09_LAC_KC,1995,1995-10-09,Regular Season,FALSE,KC,LAC,29,23,W,KC,6,52,1590.869,1560.031,0.6345271022614571
1995_1995-10-12_ATL_LAR,1995,1995-10-12,Regular Season,FALSE,LAR,ATL,21,19,W,LAR,2,40,1465.676,1513.341,0.5249263896706751
1995_1995-10-15_DET_GB,1995,1995-10-15,Regular Season,FALSE,GB,DET,30,21,W,GB,9,51,1561.567,1528.826,0.6370637254648727
1995_1995-10-15_WSH_ARI,1995,1995-10-15,Regular Season,FALSE,ARI,WSH,24,20,W,ARI,4,44,1418.803,1416.643,0.5954649237633798
1995_1995-10-15_SF_IND,1995,1995-10-15,Regular Season,FALSE,IND,SF,18,17,W,IND,1,35,1482.23,1692.926,0.30180999946088033
1995_1995-10-15_PHI_NYG,1995,1995-10-15,Regular Season,FALSE,NYG,PHI,14,17,L,PHI,3,31,1506.278,1472.372,0.6386128781915594
1995_1995-10-15_MIN_TB,1995,1995-10-15,Regular Season,FALSE,TB,MIN,20,17,W,TB,3,37,1462.067,1555.987,0.4584766303326206
1995_1995-10-15_DAL_LAC,1995,1995-10-15,Regular Season,FALSE,LAC,DAL,9,23,L,DAL,14,32,1546.401,1684.302,0.3966000528819899
1995_1995-10-15_MIA_NO,1995,1995-10-15,Regular Season,FALSE,NO,MIA,33,30,W,NO,3,63,1410.598,1606.232,0.3203878983554263
1995_1995-10-15_CHI_JAX,1995,1995-10-15,Regular Season,FALSE,JAX,CHI,27,30,L,CHI,3,57,1292.942,1529.157,0.2717834671219704
1995_1995-10-15_NYJ_CAR,1995,1995-10-15,Regular Season,FALSE,CAR,NYJ,26,15,W,CAR,11,41,1244.242,1363.176,0.4230002505262022
1995_1995-10-15_NE_KC,1995,1995-10-15,Regular Season,FALSE,KC,NE,31,26,W,KC,5,57,1604.499,1438.781,0.7905294192899343
1995_1995-10-15_SEA_BUF,1995,1995-10-15,Regular Season,FALSE,BUF,SEA,27,21,W,BUF,6,48,1533.7,1424.275,0.7318582348970428
1995_1995-10-16_OAK_DEN,1995,1995-10-16,Regular Season,FALSE,DEN,OAK,27,0,W,DEN,27,27,1518.596,1606.917,0.4664886967538801
1995_1995-10-19_CIN_PIT,1995,1995-10-19,Regular Season,FALSE,PIT,CIN,9,27,L,CIN,18,36,1546.487,1354.257,0.8146835586593557
1995_1995-10-22_TEN_CHI,1995,1995-10-22,Regular Season,FALSE,CHI,TEN,35,32,W,CHI,3,67,1536.148,1410.02,0.7503015512293957
1995_1995-10-22_NO_CAR,1995,1995-10-22,Regular Season,FALSE,CAR,NO,20,3,W,CAR,17,23,1273.638,1430.63,0.37062219480218334
1995_1995-10-22_JAX_CLE,1995,1995-10-22,Regular Season,FALSE,CLE,JAX,15,23,L,JAX,8,38,1548.507,1285.951,0.8682489021308454
1995_1995-10-22_KC_DEN,1995,1995-10-22,Regular Season,FALSE,DEN,KC,7,21,L,KC,14,28,1554.532,1611.293,0.5118546520741922
1995_1995-10-22_MIN_GB,1995,1995-10-22,Regular Season,FALSE,GB,MIN,38,21,W,GB,17,59,1577.569,1540.773,0.6424433614301426
1995_1995-10-22_MIA_NYJ,1995,1995-10-22,Regular Season,FALSE,NYJ,MIA,17,16,W,NYJ,1,33,1333.78,1586.2,0.2537187357028694
1995_1995-10-22_IND_OAK,1995,1995-10-22,Regular Season,FALSE,OAK,IND,30,17,W,OAK,13,47,1570.981,1492.595,0.6953805941338213
1995_1995-10-22_DET_WSH,1995,1995-10-22,Regular Season,FALSE,WSH,DET,36,30,W,WSH,6,66,1404.007,1512.823,0.4372758846601249
1995_1995-10-22_LAC_SEA,1995,1995-10-22,Regular Season,FALSE,SEA,LAC,25,35,L,LAC,10,60,1414.606,1525.61,0.4341791402163261
1995_1995-10-22_SF_LAR,1995,1995-10-22,Regular Season,FALSE,LAR,SF,10,44,L,SF,34,54,1476.033,1682.56,0.3068909440907301
1995_1995-10-22_ATL_TB,1995,1995-10-22,Regular Season,FALSE,TB,ATL,21,24,L,ATL,3,45,1477.281,1502.985,0.5563115765181463
1995_1995-10-23_BUF_NE,1995,1995-10-23,Regular Season,FALSE,NE,BUF,27,14,W,NE,13,41,1431.988,1543.369,0.4336460720428379
1995_1995-10-29_CAR_NE,1995,1995-10-29,Regular Season,FALSE,NE,CAR,17,20,L,CAR,3,37,1462.524,1311.609,0.7760695536495184
1995_1995-10-29_LAR_PHI,1995,1995-10-29,Regular Season,FALSE,PHI,LAR,20,9,W,PHI,11,29,1490.911,1455.53,0.6405701206197516
1995_1995-10-29_NYG_WSH,1995,1995-10-29,Regular Season,FALSE,WSH,NYG,15,24,L,NYG,9,39,1426.352,1487.739,0.5051993375452661
1995_1995-10-29_JAX_PIT,1995,1995-10-29,Regular Season,FALSE,PIT,JAX,24,7,W,PIT,17,31,1492.159,1330.78,0.7863633481043457
1995_1995-10-29_NO_SF,1995,1995-10-29,Regular Season,FALSE,SF,NO,7,11,L,NO,4,18,1703.063,1392.66,0.8966916072537322
1995_1995-10-29_BUF_MIA,1995,1995-10-29,Regular Season,FALSE,MIA,BUF,23,6,W,MIA,17,29,1574.891,1512.832,0.6751146984481958
1995_1995-10-29_TB_TEN,1995,1995-10-29,Regular Season,FALSE,TEN,TB,19,7,W,TEN,12,26,1403.65,1461.576,0.5101788978123608
1995_1995-10-29_GB_DET,1995,1995-10-29,Regular Season,FALSE,DET,GB,24,16,W,DET,8,40,1490.478,1597.325,0.4400668644018364
1995_1995-10-29_SEA_ARI,1995,1995-10-29,Regular Season,FALSE,ARI,SEA,20,14,W,ARI,6,34,1431.438,1394.21,0.6430143995496216
1995_1995-10-29_NYJ_IND,1995,1995-10-29,Regular Season,FALSE,IND,NYJ,17,10,W,IND,7,27,1477.501,1345.089,0.7570171090296005
1995_1995-10-29_CLE_CIN,1995,1995-10-29,Regular Season,FALSE,CIN,CLE,26,29,L,CLE,3,55,1408.585,1503.677,0.45680209458635235
1995_1995-10-29_DAL_ATL,1995,1995-10-29,Regular Season,FALSE,ATL,DAL,13,28,L,DAL,15,41,1518.689,1705.093,0.3320655609163901
1995_1995-10-30_CHI_MIN,1995,1995-10-30,Regular Season,FALSE,MIN,CHI,6,14,L,CHI,8,20,1521.018,1542.518,0.5622764605154693
1995_1995-11-05_WSH_KC,1995,1995-11-05,Regular Season,FALSE,KC,WSH,24,3,W,KC,21,27,1639.12,1403.049,0.8498090243025193
1995_1995-11-05_LAR_NO,1995,1995-11-05,Regular Season,FALSE,NO,LAR,19,10,W,NO,9,29,1427.462,1438.446,0.5771149541230981
1995_1995-11-05_DET_ATL,1995,1995-11-05,Regular Season,FALSE,ATL,DET,34,22,W,ATL,12,56,1501.239,1515.561,0.5724186381944937
1995_1995-11-05_PIT_CHI,1995,1995-11-05,Regular Season,FALSE,CHI,PIT,34,37,L,PIT,3,71,1567.725,1503.357,0.6780232127472833
1995_1995-11-05_OAK_CIN,1995,1995-11-05,Regular Season,FALSE,CIN,OAK,17,20,L,OAK,3,37,1396.091,1586.075,0.3275106418798976
1995_1995-11-05_TEN_CLE,1995,1995-11-05,Regular Season,FALSE,CLE,TEN,10,37,L,TEN,27,47,1516.172,1428.697,0.7063488325881232
1995_1995-11-05_MIA_LAC,1995,1995-11-05,Regular Season,FALSE,LAC,MIA,14,24,L,MIA,10,38,1546.006,1592.646,0.5263975965503306
1995_1995-11-05_BUF_IND,1995,1995-11-05,Regular Season,FALSE,IND,BUF,10,16,L,BUF,6,26,1486.774,1495.077,0.5808768953106767
1995_1995-11-05_ARI_DEN,1995,1995-11-05,Regular Season,FALSE,DEN,ARI,38,6,W,DEN,32,44,1526.706,1444.715,0.6997585186588813
1995_1995-11-05_GB_MIN,1995,1995-11-05,Regular Season,FALSE,MIN,GB,27,24,W,MIN,3,51,1495.81,1572.242,0.4835539642883762
1995_1995-11-05_NE_NYJ,1995,1995-11-05,Regular Season,FALSE,NYJ,NE,7,20,L,NE,13,27,1335.815,1438.665,0.4457439415119674
1995_1995-11-05_NYG_SEA,1995,1995-11-05,Regular Season,FALSE,SEA,NYG,30,28,W,SEA,2,58,1380.934,1511.042,0.40738366907545287
1995_1995-11-05_CAR_SF,1995,1995-11-05,Regular Season,FALSE,SF,CAR,7,13,L,CAR,6,20,1668.261,1335.467,0.9080359588258348
1995_1995-11-06_PHI_DAL,1995,1995-11-06,Regular Season,FALSE,DAL,PHI,34,12,W,DAL,22,46,1722.544,1507.995,0.83330214877322
1995_1995-11-12_DEN_PHI,1995,1995-11-12,Regular Season,FALSE,PHI,DEN,31,13,W,PHI,18,44,1498.72,1546.387,0.5249235185917522
1995_1995-11-12_CIN_TEN,1995,1995-11-12,Regular Season,FALSE,TEN,CIN,25,32,L,CIN,7,57,1479.276,1387.498,0.7114602549833478
1995_1995-11-12_CHI_GB,1995,1995-11-12,Regular Season,FALSE,GB,CHI,35,28,W,GB,7,63,1557.848,1547.752,0.6064197281310153
1995_1995-11-12_OAK_NYG,1995,1995-11-12,Regular Season,FALSE,NYG,OAK,13,17,L,OAK,4,30,1497.624,1594.667,0.4540167179354452
1995_1995-11-12_NE_MIA,1995,1995-11-12,Regular Season,FALSE,MIA,NE,17,34,L,NE,17,51,1618.103,1461.794,0.7814193703746668
1995_1995-11-12_MIN_ARI,1995,1995-11-12,Regular Season,FALSE,ARI,MIN,24,30,L,MIN,6,54,1425.034,1510.204,0.47100560222607935
1995_1995-11-12_ATL_BUF,1995,1995-11-12,Regular Season,FALSE,BUF,ATL,23,17,W,BUF,6,40,1518.282,1522.679,0.5863408404793663
1995_1995-11-12_CAR_LAR,1995,1995-11-12,Regular Season,FALSE,LAR,CAR,28,17,W,LAR,11,45,1419.439,1378.607,0.6477623884423461
1995_1995-11-12_KC_LAC,1995,1995-11-12,Regular Season,FALSE,LAC,KC,7,22,L,KC,15,29,1520.548,1647.287,0.4120739738654729
1995_1995-11-12_SEA_JAX,1995,1995-11-12,Regular Season,FALSE,JAX,SEA,30,47,L,SEA,17,77,1319.582,1394.352,0.4859435446393084
1995_1995-11-12_IND_NO,1995,1995-11-12,Regular Season,FALSE,NO,IND,17,14,W,NO,3,31,1446.47,1463.569,0.5685015990824174
1995_1995-11-12_SF_DAL,1995,1995-11-12,Regular Season,FALSE,DAL,SF,20,38,L,SF,18,58,1731.819,1625.122,0.7287653290994328
1995_1995-11-12_TB_DET,1995,1995-11-12,Regular Season,FALSE,DET,TB,27,24,W,DET,3,51,1494.12,1436.53,0.6694469507532588
1995_1995-11-13_CLE_PIT,1995,1995-11-13,Regular Season,FALSE,PIT,CLE,20,3,W,PIT,17,23,1523.33,1465.592,0.6696354510469289
1995_1995-11-19_ARI_CAR,1995,1995-11-19,Regular Season,FALSE,CAR,ARI,27,7,W,CAR,20,34,1361.905,1406.87,0.5288007661110085
1995_1995-11-19_DET_CHI,1995,1995-11-19,Regular Season,FALSE,CHI,DET,17,24,L,DET,7,41,1531.924,1502.801,0.6322346578609264
1995_1995-11-19_PIT_CIN,1995,1995-11-19,Regular Season,FALSE,CIN,PIT,31,49,L,PIT,18,80,1419.357,1541.418,0.4186130590540186
1995_1995-11-19_GB_CLE,1995,1995-11-19,Regular Season,FALSE,CLE,GB,20,31,L,GB,11,51,1447.504,1573.676,0.41286494547450114
1995_1995-11-19_TEN_KC,1995,1995-11-19,Regular Season,FALSE,KC,TEN,20,13,W,KC,7,33,1669.514,1447.417,0.839250662183775
1995_1995-11-19_NO_MIN,1995,1995-11-19,Regular Season,FALSE,MIN,NO,43,24,W,MIN,19,67,1528.368,1458.178,0.6852955362323568
1995_1995-11-19_IND_NE,1995,1995-11-19,Regular Season,FALSE,NE,IND,10,24,L,IND,14,34,1512.018,1451.861,0.6727086578020168
1995_1995-11-19_LAR_ATL,1995,1995-11-19,Regular Season,FALSE,ATL,LAR,31,6,W,ATL,25,37,1507.012,1436.141,0.6861403630830488
1995_1995-11-19_LAC_DEN,1995,1995-11-19,Regular Season,FALSE,DEN,LAC,30,27,W,DEN,3,57,1518.629,1498.322,0.6203576559059847
1995_1995-11-19_BUF_NYJ,1995,1995-11-19,Regular Season,FALSE,NYJ,BUF,26,28,L,BUF,2,54,1312.687,1533.949,0.28914989167386507
1995_1995-11-19_NYG_PHI,1995,1995-11-19,Regular Season,FALSE,PHI,NYG,28,19,W,PHI,9,47,1526.478,1483.22,0.6509421580204735
1995_1995-11-19_DAL_OAK,1995,1995-11-19,Regular Season,FALSE,OAK,DAL,21,34,L,DAL,13,55,1609.072,1685.27,0.48389036043032274
1995_1995-11-19_JAX_TB,1995,1995-11-19,Regular Season,FALSE,TB,JAX,17,16,W,TB,1,33,1427.849,1291.615,0.7610411414339856
1995_1995-11-19_SEA_WSH,1995,1995-11-19,Regular Season,FALSE,WSH,SEA,20,27,L,SEA,7,47,1394.882,1422.319,0.5538478591239424
1995_1995-11-20_SF_MIA,1995,1995-11-20,Regular Season,FALSE,MIA,SF,20,44,L,SF,24,64,1567.879,1671.671,0.44440465442931865
1995_1995-11-23_MIN_DET,1995,1995-11-23,Regular Season,FALSE,DET,MIN,44,38,W,DET,6,82,1530.27,1546.132,0.5702475123066275
1995_1995-11-23_KC_DAL,1995,1995-11-23,Regular Season,FALSE,DAL,KC,24,12,W,DAL,12,36,1710.681,1675.427,0.6404017815640871
1995_1995-11-26_NYJ_SEA,1995,1995-11-26,Regular Season,FALSE,SEA,NYJ,10,16,L,NYJ,6,26,1445.753,1306.755,0.7639226228543411
1995_1995-11-26_PIT_CLE,1995,1995-11-26,Regular Season,FALSE,CLE,PIT,17,20,L,PIT,3,37,1427.54,1565.447,0.39659178749043256
1995_1995-11-26_MIA_IND,1995,1995-11-26,Regular Season,FALSE,IND,MIA,36,28,W,IND,8,64,1490.493,1539.765,0.5226189628149339
1995_1995-11-26_ATL_ARI,1995,1995-11-26,Regular Season,FALSE,ARI,ATL,40,37,W,ARI,3,77,1378.437,1526.274,0.38299667542963733
1995_1995-11-26_NE_BUF,1995,1995-11-26,Regular Season,FALSE,BUF,NE,25,35,L,NE,10,60,1539.881,1473.386,0.6806903249748814
1995_1995-11-26_LAR_SF,1995,1995-11-26,Regular Season,FALSE,SF,LAR,41,13,W,SF,28,54,1699.785,1416.879,0.8810810995176275
1995_1995-11-26_PHI_WSH,1995,1995-11-26,Regular Season,FALSE,WSH,PHI,7,14,L,PHI,7,21,1371.448,1541.799,0.3528696298847524
1995_1995-11-26_CHI_NYG,1995,1995-11-26,Regular Season,FALSE,NYG,CHI,24,27,L,CHI,3,51,1467.899,1504.455,0.5408429980298349
1995_1995-11-26_DEN_TEN,1995,1995-11-26,Regular Season,FALSE,TEN,DEN,42,33,W,TEN,9,75,1441.504,1528.762,0.4680119125050961
1995_1995-11-26_TB_GB,1995,1995-11-26,Regular Season,FALSE,GB,TB,35,13,W,GB,22,48,1593.64,1430.884,0.7876919709209625
1995_1995-11-26_CIN_JAX,1995,1995-11-26,Regular Season,FALSE,JAX,CIN,13,17,L,CIN,4,30,1288.58,1395.329,0.44020587607899775
1995_1995-11-26_CAR_NO,1995,1995-11-26,Regular Season,FALSE,NO,CAR,34,26,W,NO,8,60,1440.415,1390.337,0.6598087853513609
1995_1995-11-27_OAK_LAC,1995,1995-11-27,Regular Season,FALSE,LAC,OAK,12,6,W,LAC,6,18,1488.189,1583.661,0.45625936404941647
1995_1995-11-30_NYG_ARI,1995,1995-11-30,Regular Season,FALSE,ARI,NYG,6,10,L,NYG,4,16,1396.213,1452.707,0.512238672893569
1995_1995-12-03_BUF_SF,1995,1995-12-03,Regular Season,FALSE,SF,BUF,27,17,W,SF,10,44,1706.7,1505.161,0.8226377683436354
1995_1995-12-03_PHI_SEA,1995,1995-12-03,Regular Season,FALSE,SEA,PHI,26,14,W,SEA,12,40,1412.984,1555.803,0.3898453866851972
1995_1995-12-03_LAR_NYJ,1995,1995-12-03,Regular Season,FALSE,NYJ,LAR,20,23,L,LAR,3,43,1339.524,1409.963,0.49217328915213976
1995_1995-12-03_IND_CAR,1995,1995-12-03,Regular Season,FALSE,CAR,IND,13,10,W,CAR,3,23,1376.131,1511.322,0.4003392236722841
1995_1995-12-03_WSH_DAL,1995,1995-12-03,Regular Season,FALSE,DAL,WSH,17,24,L,WSH,7,41,1728.324,1357.443,0.9247795835978888
1995_1995-12-03_JAX_DEN,1995,1995-12-03,Regular Season,FALSE,DEN,JAX,31,23,W,DEN,8,54,1504.012,1274.675,0.8447940560437773
1995_1995-12-03_CIN_GB,1995,1995-12-03,Regular Season,FALSE,GB,CIN,24,10,W,GB,14,34,1605.705,1409.235,0.8183401814494483
1995_1995-12-03_ATL_MIA,1995,1995-12-03,Regular Season,FALSE,MIA,ATL,21,20,W,MIA,1,41,1518.936,1508.498,0.606889511163107
1995_1995-12-03_TB_MIN,1995,1995-12-03,Regular Season,FALSE,MIN,TB,31,17,W,MIN,14,48,1529.772,1418.819,0.7335808287319122
1995_1995-12-03_NO_NE,1995,1995-12-03,Regular Season,FALSE,NE,NO,17,31,L,NO,14,48,1508.106,1454.621,0.6641970832228083
1995_1995-12-03_TEN_PIT,1995,1995-12-03,Regular Season,FALSE,PIT,TEN,21,7,W,PIT,14,28,1576.09,1466.253,0.7323233981397669
1995_1995-12-03_CLE_LAC,1995,1995-12-03,Regular Season,FALSE,LAC,CLE,31,13,W,LAC,18,44,1509.647,1416.897,0.7126075195306829
1995_1995-12-03_KC_OAK,1995,1995-12-03,Regular Season,FALSE,OAK,KC,23,29,L,KC,6,52,1562.202,1657.784,0.4561022771668353
1995_1995-12-04_CHI_DET,1995,1995-12-04,Regular Season,FALSE,DET,CHI,27,7,W,DET,20,34,1546.63,1519.646,0.6293670630501268
1995_1995-12-09_CLE_MIN,1995,1995-12-09,Regular Season,FALSE,MIN,CLE,27,11,W,MIN,16,38,1543.133,1401.105,0.7670537195704631
1995_1995-12-09_ARI_LAC,1995,1995-12-09,Regular Season,FALSE,LAC,ARI,28,25,W,LAC,3,53,1525.439,1379.661,0.7708886308260362
1995_1995-12-10_CHI_CIN,1995,1995-12-10,Regular Season,FALSE,CIN,CHI,16,10,W,CIN,6,26,1400.441,1497.984,0.4533033409136999
1995_1995-12-10_WSH_NYG,1995,1995-12-10,Regular Season,FALSE,NYG,WSH,20,13,W,NYG,7,33,1469.259,1405.406,0.6773756811001729
1995_1995-12-10_SEA_DEN,1995,1995-12-10,Regular Season,FALSE,DEN,SEA,27,31,L,SEA,4,58,1510.028,1445.432,0.6783096688941074
1995_1995-12-10_DET_TEN,1995,1995-12-10,Regular Season,FALSE,TEN,DET,17,24,L,DET,7,41,1452.823,1568.293,0.42787444382272655
1995_1995-12-10_IND_JAX,1995,1995-12-10,Regular Season,FALSE,JAX,IND,31,41,L,IND,10,72,1268.659,1494.148,0.2841742942632699
1995_1995-12-10_PIT_OAK,1995,1995-12-10,Regular Season,FALSE,OAK,PIT,10,29,L,PIT,19,39,1544.695,1589.52,0.5290015691497767
1995_1995-12-10_NYJ_NE,1995,1995-12-10,Regular Season,FALSE,NE,NYJ,31,28,W,NE,3,59,1470.084,1325.911,0.7692527403594346
1995_1995-12-10_GB_TB,1995,1995-12-10,Regular Season,FALSE,TB,GB,13,10,W,TB,3,23,1405.458,1614.498,0.30382252438053475
1995_1995-12-10_BUF_LAR,1995,1995-12-10,Regular Season,FALSE,LAR,BUF,27,45,L,BUF,18,72,1423.576,1497.575,0.4870522932576808
1995_1995-12-10_DAL_PHI,1995,1995-12-10,Regular Season,FALSE,PHI,DAL,20,17,W,PHI,3,37,1523.355,1680.361,0.37060339635174144
1995_1995-12-10_SF_CAR,1995,1995-12-10,Regular Season,FALSE,CAR,SF,10,31,L,SF,21,41,1393.305,1714.287,0.1864035031500133
1995_1995-12-10_NO_ATL,1995,1995-12-10,Regular Season,FALSE,ATL,NO,19,14,W,ATL,5,33,1503.229,1492.642,0.6070941209429045
1995_1995-12-11_KC_MIA,1995,1995-12-11,Regular Season,FALSE,MIA,KC,13,6,W,MIA,7,19,1524.205,1675.292,0.3785854493714135
1995_1995-12-16_NE_PIT,1995,1995-12-16,Regular Season,FALSE,PIT,NE,41,27,W,PIT,14,68,1621.509,1475.927,0.7706892961935704
1995_1995-12-16_GB_NO,1995,1995-12-16,Regular Season,FALSE,NO,GB,23,34,L,GB,11,57,1479.03,1593.844,0.42879911009715393
1995_1995-12-17_NYG_DAL,1995,1995-12-17,Regular Season,FALSE,DAL,NYG,21,20,W,DAL,1,41,1662.148,1481.935,0.8040118005781867
1995_1995-12-17_WSH_LAR,1995,1995-12-17,Regular Season,FALSE,LAR,WSH,23,35,L,WSH,12,58,1395.011,1392.731,0.5956313112478778
1995_1995-12-17_DEN_KC,1995,1995-12-17,Regular Season,FALSE,KC,DEN,20,17,W,KC,3,37,1648.395,1486.827,0.7865460660481557
1995_1995-12-17_NYJ_TEN,1995,1995-12-17,Regular Season,FALSE,TEN,NYJ,23,6,W,TEN,17,29,1435.427,1320.069,0.7385072007250573
1995_1995-12-17_ARI_PHI,1995,1995-12-17,Regular Season,FALSE,PHI,ARI,21,20,W,PHI,1,41,1541.567,1373.864,0.7924152956118519
1995_1995-12-17_OAK_SEA,1995,1995-12-17,Regular Season,FALSE,SEA,OAK,44,10,W,SEA,34,54,1468.633,1512.707,0.530078572195746
1995_1995-12-17_MIA_BUF,1995,1995-12-17,Regular Season,FALSE,BUF,MIA,23,20,W,BUF,3,43,1526.14,1551.101,0.557367021156388
1995_1995-12-17_ATL_CAR,1995,1995-12-17,Regular Season,FALSE,CAR,ATL,21,17,W,CAR,4,38,1382.982,1516.841,0.4021813676702155
1995_1995-12-17_TB_CHI,1995,1995-12-17,Regular Season,FALSE,CHI,TB,31,10,W,CHI,21,41,1476.388,1426.112,0.6600645749793129
1995_1995-12-17_CIN_CLE,1995,1995-12-17,Regular Season,FALSE,CLE,CIN,26,10,W,CLE,16,36,1389.041,1422.037,0.5459276306797365
1995_1995-12-17_LAC_IND,1995,1995-12-17,Regular Season,FALSE,IND,LAC,24,27,L,LAC,3,51,1506.85,1531.236,0.558183463884295
1995_1995-12-17_JAX_DET,1995,1995-12-17,Regular Season,FALSE,DET,JAX,44,0,W,DET,44,44,1585.688,1255.957,0.9065529344645864
1995_1995-12-18_MIN_SF,1995,1995-12-18,Regular Season,FALSE,SF,MIN,37,30,W,SF,7,67,1724.609,1555.198,0.7940279505590505
1995_1995-12-23_NE_IND,1995,1995-12-23,Regular Season,FALSE,IND,NE,10,7,W,IND,3,17,1491.083,1464.592,0.6287048315705948
1995_1995-12-23_LAC_NYG,1995,1995-12-23,Regular Season,FALSE,NYG,LAC,17,27,L,LAC,10,44,1479.49,1547.003,0.49638356535416334
1995_1995-12-23_DET_TB,1995,1995-12-23,Regular Season,FALSE,TB,DET,10,37,L,DET,27,47,1406.144,1591.72,0.3331235730487114
1995_1995-12-24_PHI_CHI,1995,1995-12-24,Regular Season,FALSE,CHI,PHI,20,14,W,CHI,6,34,1496.357,1544.17,0.5247139253922695
1995_1995-12-24_CAR_WSH,1995,1995-12-24,Regular Season,FALSE,WSH,CAR,20,17,W,WSH,3,37,1424.25,1402.847,0.6218424011737836
1995_1995-12-24_DEN_OAK,1995,1995-12-24,Regular Season,FALSE,OAK,DEN,28,31,L,DEN,3,59,1479.607,1481.462,0.589885446287848
1995_1995-12-24_NO_NYJ,1995,1995-12-24,Regular Season,FALSE,NYJ,NO,0,12,L,NO,12,12,1306.098,1458.191,0.37722402803915217
1995_1995-12-24_SEA_KC,1995,1995-12-24,Regular Season,FALSE,KC,SEA,26,3,W,KC,23,29,1653.761,1501.733,0.7771810183780515
1995_1995-12-24_CLE_JAX,1995,1995-12-24,Regular Season,FALSE,JAX,CLE,24,21,W,JAX,3,45,1249.925,1414.402,0.36062888662180786
1995_1995-12-24_PIT_GB,1995,1995-12-24,Regular Season,FALSE,GB,PIT,24,19,W,GB,5,43,1614.683,1632.843,0.5670027346625799
1995_1995-12-24_TEN_BUF,1995,1995-12-24,Regular Season,FALSE,BUF,TEN,17,28,L,TEN,11,45,1538.193,1449.398,0.7079224461428963
1995_1995-12-24_SF_ATL,1995,1995-12-24,Regular Season,FALSE,ATL,SF,28,27,W,ATL,1,55,1496.976,1732.351,0.2727415370856126
1995_1995-12-24_MIA_LAR,1995,1995-12-24,Regular Season,FALSE,LAR,MIA,22,41,L,MIA,19,63,1363.491,1539.048,0.34605687327255463
1995_1995-12-24_MIN_CIN,1995,1995-12-24,Regular Season,FALSE,CIN,MIN,27,24,W,CIN,3,51,1396.676,1547.456,0.3790012953364187
1995_1995-12-25_DAL_ARI,1995,1995-12-25,Regular Season,FALSE,ARI,DAL,13,37,L,DAL,24,50,1371.262,1664.593,0.21175501953979736
