season,team_id,games,wins,losses,ties,points_for,points_against,win_pct,point_diff,game_type
1995,ARI,16,4,12,0,275,422,0.25,-147,REG
1995,ATL,16,9,7,0,362,349,0.5625,13,REG
1995,BUF,16,10,6,0,350,335,0.625,15,REG
1995,CAR,16,7,9,0,289,325,0.4375,-36,REG
1995,CHI,16,9,7,0,392,360,0.5625,32,REG
1995,CIN,16,7,9,0,349,374,0.4375,-25,REG
1995,CLE,16,5,11,0,289,356,0.3125,-67,REG
1995,DAL,16,12,4,0,435,291,0.75,144,REG
1995,DEN,16,8,8,0,388,345,0.5,43,REG
1995,DET,16,10,6,0,436,336,0.625,100,REG
1995,GB,16,11,5,0,404,314,0.6875,90,REG
1995,IND,16,9,7,0,331,316,0.5625,15,REG
1995,JAX,16,4,12,0,275,404,0.25,-129,REG
1995,KC,16,13,3,0,358,241,0.8125,117,REG
1995,LAC,16,9,7,0,321,323,0.5625,-2,REG
1995,LAR,16,7,9,0,309,418,0.4375,-109,REG
1995,MIA,16,9,7,0,398,332,0.5625,66,REG
1995,MIN,16,8,8,0,412,385,0.5,27,REG
1995,NE,16,6,10,0,294,377,0.375,-83,REG
1995,NO,16,7,9,0,319,348,0.4375,-29,REG
1995,NYG,16,5,11,0,290,340,0.3125,-50,REG
1995,NYJ,16,3,13,0,233,384,0.1875,-151,REG
1995,OAK,16,8,8,0,348,332,0.5,16,REG
1995,PHI,16,10,6,0,318,338,0.625,-20,REG
1995,PIT,16,11,5,0,407,327,0.6875,80,REG
1995,SEA,16,8,8,0,363,366,0.5,-3,REG
1995,SF,16,11,5,0,457,258,0.6875,199,REG
1995,TB,16,7,9,0,238,335,0.4375,-97,REG
1995,TEN,16,7,9,0,348,324,0.4375,24,REG
1995,WSH,16,6,10,0,326,359,0.375,-33,REG
1996,ARI,16,7,9,0,300,397,0.4375,-97,REG
1996,ATL,16,3,13,0,309,461,0.1875,-152,REG
1996,BAL,16,4,12,0,371,441,0.25,-70,REG
1996,BUF,16,10,6,0,319,266,0.625,53,REG
1996,CAR,16,12,4,0,367,218,0.75,149,REG
1996,CHI,16,7,9,0,283,305,0.4375,-22,REG
1996,CIN,16,8,8,0,372,369,0.5,3,REG
1996,DAL,16,10,6,0,286,250,0.625,36,REG
1996,DEN,16,13,3,0,391,275,0.8125,116,REG
1996,DET,16,5,11,0,302,368,0.3125,-66,REG
1996,GB,16,13,3,0,456,210,0.8125,246,REG
1996,IND,16,9,7,0,317,334,0.5625,-17,REG
1996,JAX,16,9,7,0,325,335,0.5625,-10,REG
1996,KC,16,9,7,0,297,300,0.5625,-3,REG
1996,LAC,16,8,8,0,310,376,0.5,-66,REG
1996,LAR,16,6,10,0,303,409,0.375,-106,REG
1996,MIA,16,8,8,0,339,325,0.5,14,REG
1996,MIN,16,9,7,0,298,315,0.5625,-17,REG
1996,NE,16,11,5,0,418,313,0.6875,105,REG
1996,NO,16,3,13,0,229,339,0.1875,-110,REG
1996,NYG,16,6,10,0,242,297,0.375,-55,REG
1996,NYJ,16,1,15,0,279,454,0.0625,-175,REG
1996,OAK,16,7,9,0,340,293,0.4375,47,REG
1996,PHI,16,10,6,0,363,341,0.625,22,REG
1996,PIT,16,10,6,0,344,257,0.625,87,REG
1996,SEA,16,7,9,0,317,376,0.4375,-59,REG
1996,SF,16,12,4,0,398,257,0.75,141,REG
1996,TB,16,6,10,0,221,293,0.375,-72,REG
1996,TEN,16,8,8,0,345,319,0.5,26,REG
1996,WSH,16,9,7,0,364,312,0.5625,52,REG
1997,ARI,16,4,12,0,283,379,0.25,-96,REG
1997,ATL,16,7,9,0,320,361,0.4375,-41,REG
1997,BAL,16,6,9,1,326,345,0.40625,-19,REG
1997,BUF,16,6,10,0,255,367,0.375,-112,REG
1997,CAR,16,7,9,0,265,314,0.4375,-49,REG
1997,CHI,16,4,12,0,263,421,0.25,-158,REG
1997,CIN,16,7,9,0,355,405,0.4375,-50,REG
1997,DAL,16,6,10,0,304,314,0.375,-10,REG
1997,DEN,16,12,4,0,472,287,0.75,185,REG
1997,DET,16,9,7,0,379,306,0.5625,73,REG
1997,GB,16,13,3,0,422,282,0.8125,140,REG
1997,IND,16,3,13,0,313,401,0.1875,-88,REG
1997,JAX,16,11,5,0,394,318,0.6875,76,REG
1997,KC,16,13,3,0,375,232,0.8125,143,REG
1997,LAC,16,4,12,0,266,425,0.25,-159,REG
1997,LAR,16,5,11,0,299,359,0.3125,-60,REG
1997,MIA,16,9,7,0,339,327,0.5625,12,REG
1997,MIN,16,9,7,0,354,359,0.5625,-5,REG
1997,NE,16,10,6,0,369,289,0.625,80,REG
1997,NO,16,6,10,0,237,327,0.375,-90,REG
1997,NYG,16,10,5,1,307,265,0.65625,42,REG
1997,NYJ,16,9,7,0,348,287,0.5625,61,REG
1997,OAK,16,4,12,0,324,419,0.25,-95,REG
1997,PHI,16,6,9,1,317,372,0.40625,-55,REG
1997,PIT,16,11,5,0,372,307,0.6875,65,REG
1997,SEA,16,8,8,0,365,362,0.5,3,REG
1997,SF,16,13,3,0,375,265,0.8125,110,REG
1997,TB,16,10,6,0,299,263,0.625,36,REG
1997,TEN,16,8,8,0,333,310,0.5,23,REG
1997,WSH,16,8,7,1,327,289,0.53125,38,REG
1998,ARI,16,9,7,0,325,378,0.5625,-53,REG
1998,ATL,16,14,2,0,442,289,0.875,153,REG
1998,BAL,16,6,10,0,269,335,0.375,-66,REG
1998,BUF,16,10,6,0,400,333,0.625,67,REG
1998,CAR,16,4,12,0,336,413,0.25,-77,REG
1998,CHI,16,4,12,0,276,368,0.25,-92,REG
1998,CIN,16,3,13,0,268,452,0.1875,-184,REG
1998,DAL,16,10,6,0,381,275,0.625,106,REG
1998,DEN,16,14,2,0,501,309,0.875,192,REG
1998,DET,16,5,11,0,306,378,0.3125,-72,REG
1998,GB,16,11,5,0,408,319,0.6875,89,REG
1998,IND,16,3,13,0,310,444,0.1875,-134,REG
1998,JAX,16,11,5,0,392,338,0.6875,54,REG
1998,KC,16,7,9,0,327,363,0.4375,-36,REG
1998,LAC,16,5,11,0,241,342,0.3125,-101,REG
1998,LAR,16,4,12,0,285,378,0.25,-93,REG
1998,MIA,16,10,6,0,321,265,0.625,56,REG
1998,MIN,16,15,1,0,556,296,0.9375,260,REG
1998,NE,16,9,7,0,337,329,0.5625,8,REG
1998,NO,16,6,10,0,305,359,0.375,-54,REG
1998,NYG,16,8,8,0,287,309,0.5,-22,REG
1998,NYJ,16,12,4,0,416,266,0.75,150,REG
1998,OAK,16,8,8,0,288,356,0.5,-68,REG
1998,PHI,16,3,13,0,161,344,0.1875,-183,REG
1998,PIT,16,7,9,0,263,303,0.4375,-40,REG
1998,SEA,16,8,8,0,372,310,0.5,62,REG
1998,SF,16,12,4,0,479,328,0.75,151,REG
1998,TB,16,8,8,0,314,295,0.5,19,REG
1998,TEN,16,8,8,0,330,320,0.5,10,REG
1998,WSH,16,6,10,0,319,421,0.375,-102,REG
1999,ARI,16,6,10,0,245,382,0.375,-137,REG
1999,ATL,16,5,11,0,285,380,0.3125,-95,REG
1999,BAL,16,8,8,0,324,277,0.5,47,REG
1999,BUF,16,11,5,0,320,229,0.6875,91,REG
1999,CAR,16,8,8,0,421,381,0.5,40,REG
1999,CHI,16,6,10,0,272,341,0.375,-69,REG
1999,CIN,16,4,12,0,283,460,0.25,-177,REG
1999,CLE,16,2,14,0,217,437,0.125,-220,REG
1999,DAL,16,8,8,0,352,276,0.5,76,REG
1999,DEN,16,6,10,0,314,318,0.375,-4,REG
1999,DET,16,8,8,0,322,323,0.5,-1,REG
1999,GB,16,8,8,0,357,341,0.5,16,REG
1999,IND,16,13,3,0,423,333,0.8125,90,REG
1999,JAX,16,14,2,0,396,217,0.875,179,REG
1999,KC,16,9,7,0,390,322,0.5625,68,REG
1999,LAC,16,8,8,0,269,316,0.5,-47,REG
1999,LAR,16,13,3,0,526,242,0.8125,284,REG
1999,MIA,16,9,7,0,326,336,0.5625,-10,REG
1999,MIN,16,10,6,0,399,335,0.625,64,REG
1999,NE,16,8,8,0,299,284,0.5,15,REG
1999,NO,16,3,13,0,260,434,0.1875,-174,REG
1999,NYG,16,7,9,0,299,358,0.4375,-59,REG
1999,NYJ,16,8,8,0,308,309,0.5,-1,REG
1999,OAK,16,8,8,0,390,329,0.5,61,REG
1999,PHI,16,5,11,0,272,357,0.3125,-85,REG
1999,PIT,16,6,10,0,317,320,0.375,-3,REG
1999,SEA,16,9,7,0,338,298,0.5625,40,REG
1999,SF,16,4,12,0,295,453,0.25,-158,REG
1999,TB,16,11,5,0,270,235,0.6875,35,REG
1999,TEN,16,13,3,0,392,324,0.8125,68,REG
1999,WSH,16,10,6,0,443,377,0.625,66,REG
2000,ARI,16,3,13,0,210,443,0.1875,-233,REG
2000,ATL,16,4,12,0,252,413,0.25,-161,REG
2000,BAL,16,12,4,0,333,165,0.75,168,REG
2000,BUF,16,8,8,0,315,350,0.5,-35,REG
2000,CAR,16,7,9,0,310,310,0.4375,0,REG
2000,CHI,16,5,11,0,216,355,0.3125,-139,REG
2000,CIN,16,4,12,0,185,359,0.25,-174,REG
2000,CLE,16,3,13,0,161,419,0.1875,-258,REG
2000,DAL,16,5,11,0,294,361,0.3125,-67,REG
2000,DEN,16,11,5,0,485,369,0.6875,116,REG
2000,DET,16,9,7,0,307,307,0.5625,0,REG
2000,GB,16,9,7,0,353,323,0.5625,30,REG
2000,IND,16,10,6,0,429,326,0.625,103,REG
2000,JAX,16,7,9,0,367,327,0.4375,40,REG
2000,KC,16,7,9,0,355,354,0.4375,1,REG
2000,LAC,16,1,15,0,269,440,0.0625,-171,REG
2000,LAR,16,10,6,0,540,471,0.625,69,REG
2000,MIA,16,11,5,0,323,226,0.6875,97,REG
2000,MIN,16,11,5,0,397,371,0.6875,26,REG
2000,NE,16,5,11,0,276,338,0.3125,-62,REG
2000,NO,16,10,6,0,354,305,0.625,49,REG
2000,NYG,16,12,4,0,328,246,0.75,82,REG
2000,NYJ,16,9,7,0,321,321,0.5625,0,REG
2000,OAK,16,12,4,0,479,299,0.75,180,REG
2000,PHI,16,11,5,0,351,245,0.6875,106,REG
2000,PIT,16,9,7,0,321,255,0.5625,66,REG
2000,SEA,16,6,10,0,320,405,0.375,-85,REG
2000,SF,16,6,10,0,388,422,0.375,-34,REG
2000,TB,16,10,6,0,388,269,0.625,119,REG
2000,TEN,16,13,3,0,346,191,0.8125,155,REG
2000,WSH,16,8,8,0,281,269,0.5,12,REG
2001,ARI,16,7,9,0,295,343,0.4375,-48,REG
2001,ATL,16,7,9,0,291,377,0.4375,-86,REG
2001,BAL,16,10,6,0,303,265,0.625,38,REG
2001,BUF,16,3,13,0,265,420,0.1875,-155,REG
2001,CAR,16,1,15,0,253,410,0.0625,-157,REG
2001,CHI,16,13,3,0,338,203,0.8125,135,REG
2001,CIN,16,6,10,0,226,309,0.375,-83,REG
2001,CLE,16,7,9,0,285,319,0.4375,-34,REG
2001,DAL,16,5,11,0,246,338,0.3125,-92,REG
2001,DEN,16,8,8,0,340,339,0.5,1,REG
2001,DET,16,2,14,0,270,424,0.125,-154,REG
2001,GB,16,12,4,0,390,266,0.75,124,REG
2001,IND,16,6,10,0,413,486,0.375,-73,REG
2001,JAX,16,6,10,0,294,286,0.375,8,REG
2001,KC,16,6,10,0,320,344,0.375,-24,REG
2001,LAC,16,5,11,0,332,321,0.3125,11,REG
2001,LAR,16,14,2,0,503,273,0.875,230,REG
2001,MIA,16,11,5,0,344,290,0.6875,54,REG
2001,MIN,16,5,11,0,290,390,0.3125,-100,REG
2001,NE,16,11,5,0,371,272,0.6875,99,REG
2001,NO,16,7,9,0,333,409,0.4375,-76,REG
2001,NYG,16,7,9,0,294,321,0.4375,-27,REG
2001,NYJ,16,10,6,0,308,295,0.625,13,REG
2001,OAK,16,10,6,0,399,327,0.625,72,REG
2001,PHI,16,11,5,0,343,208,0.6875,135,REG
2001,PIT,16,13,3,0,352,212,0.8125,140,REG
2001,SEA,16,9,7,0,301,324,0.5625,-23,REG
2001,SF,16,12,4,0,409,282,0.75,127,REG
2001,TB,16,9,7,0,324,280,0.5625,44,REG
2001,TEN,16,7,9,0,336,388,0.4375,-52,REG
2001,WSH,16,8,8,0,256,303,0.5,-47,REG
2002,ARI,16,5,11,0,262,417,0.3125,-155,REG
2002,ATL,16,9,6,1,402,314,0.59375,88,REG
2002,BAL,16,7,9,0,316,354,0.4375,-38,REG
2002,BUF,16,8,8,0,379,397,0.5,-18,REG
2002,CAR,16,7,9,0,258,302,0.4375,-44,REG
2002,CHI,16,4,12,0,281,379,0.25,-98,REG
2002,CIN,16,2,14,0,279,456,0.125,-177,REG
2002,CLE,16,9,7,0,344,320,0.5625,24,REG
2002,DAL,16,5,11,0,217,329,0.3125,-112,REG
2002,DEN,16,9,7,0,392,344,0.5625,48,REG
2002,DET,16,3,13,0,306,451,0.1875,-145,REG
2002,GB,16,12,4,0,398,328,0.75,70,REG
2002,HOU,16,4,12,0,213,356,0.25,-143,REG
2002,IND,16,10,6,0,349,313,0.625,36,REG
2002,JAX,16,6,10,0,328,315,0.375,13,REG
2002,KC,16,8,8,0,467,399,0.5,68,REG
2002,LAC,16,8,8,0,333,367,0.5,-34,REG
2002,LAR,16,7,9,0,316,369,0.4375,-53,REG
2002,MIA,16,9,7,0,378,301,0.5625,77,REG
2002,MIN,16,6,10,0,390,442,0.375,-52,REG
2002,NE,16,9,7,0,381,346,0.5625,35,REG
2002,NO,16,9,7,0,432,388,0.5625,44,REG
2002,NYG,16,10,6,0,320,279,0.625,41,REG
2002,NYJ,16,9,7,0,359,336,0.5625,23,REG
2002,OAK,16,11,5,0,450,304,0.6875,146,REG
2002,PHI,16,12,4,0,415,241,0.75,174,REG
2002,PIT,16,10,5,1,390,345,0.65625,45,REG
2002,SEA,16,7,9,0,355,369,0.4375,-14,REG
2002,SF,16,10,6,0,367,351,0.625,16,REG
2002,TB,16,12,4,0,346,196,0.75,150,REG
2002,TEN,16,11,5,0,367,324,0.6875,43,REG
2002,WSH,16,7,9,0,307,365,0.4375,-58,REG
2003,ARI,16,4,12,0,225,452,0.25,-227,REG
2003,ATL,16,5,11,0,299,422,0.3125,-123,REG
2003,BAL,16,10,6,0,391,281,0.625,110,REG
2003,BUF,16,6,10,0,243,279,0.375,-36,REG
2003,CAR,16,11,5,0,325,304,0.6875,21,REG
2003,CHI,16,7,9,0,283,346,0.4375,-63,REG
2003,CIN,16,8,8,0,346,384,0.5,-38,REG
2003,CLE,16,5,11,0,254,322,0.3125,-68,REG
2003,DAL,16,10,6,0,289,260,0.625,29,REG
2003,DEN,16,10,6,0,381,301,0.625,80,REG
2003,DET,16,5,11,0,270,379,0.3125,-109,REG
2003,GB,16,10,6,0,442,307,0.625,135,REG
2003,HOU,16,5,11,0,255,380,0.3125,-125,REG
2003,IND,16,12,4,0,447,336,0.75,111,REG
2003,JAX,16,5,11,0,276,331,0.3125,-55,REG
2003,KC,16,13,3,0,484,332,0.8125,152,REG
2003,LAC,16,4,12,0,313,441,0.25,-128,REG
2003,LAR,16,12,4,0,447,328,0.75,119,REG
2003,MIA,16,10,6,0,311,261,0.625,50,REG
2003,MIN,16,9,7,0,416,353,0.5625,63,REG
2003,NE,16,14,2,0,348,238,0.875,110,REG
2003,NO,16,8,8,0,340,326,0.5,14,REG
2003,NYG,16,4,12,0,243,387,0.25,-144,REG
2003,NYJ,16,6,10,0,283,299,0.375,-16,REG
2003,OAK,16,4,12,0,270,379,0.25,-109,REG
2003,PHI,16,12,4,0,374,287,0.75,87,REG
2003,PIT,16,6,10,0,300,327,0.375,-27,REG
2003,SEA,16,10,6,0,404,327,0.625,77,REG
2003,SF,16,7,9,0,384,337,0.4375,47,REG
2003,TB,16,7,9,0,301,264,0.4375,37,REG
2003,TEN,16,12,4,0,435,324,0.75,111,REG
2003,WSH,16,5,11,0,287,372,0.3125,-85,REG
2004,ARI,16,6,10,0,284,322,0.375,-38,REG
2004,ATL,16,11,5,0,340,337,0.6875,3,REG
2004,BAL,16,9,7,0,317,268,0.5625,49,REG
2004,BUF,16,9,7,0,395,284,0.5625,111,REG
2004,CAR,16,7,9,0,355,339,0.4375,16,REG
2004,CHI,16,5,11,0,231,331,0.3125,-100,REG
2004,CIN,16,8,8,0,374,372,0.5,2,REG
2004,CLE,16,4,12,0,276,390,0.25,-114,REG
2004,DAL,16,6,10,0,293,405,0.375,-112,REG
2004,DEN,16,10,6,0,381,304,0.625,77,REG
2004,DET,16,6,10,0,296,350,0.375,-54,REG
2004,GB,16,10,6,0,424,380,0.625,44,REG
2004,HOU,16,7,9,0,309,339,0.4375,-30,REG
2004,IND,16,12,4,0,522,351,0.75,171,REG
2004,JAX,16,9,7,0,261,280,0.5625,-19,REG
2004,KC,16,7,9,0,483,435,0.4375,48,REG
2004,LAC,16,12,4,0,446,313,0.75,133,REG
2004,LAR,16,8,8,0,319,392,0.5,-73,REG
2004,MIA,16,4,12,0,275,354,0.25,-79,REG
2004,MIN,16,8,8,0,405,395,0.5,10,REG
2004,NE,16,14,2,0,437,260,0.875,177,REG
2004,NO,16,8,8,0,348,405,0.5,-57,REG
2004,NYG,16,6,10,0,303,347,0.375,-44,REG
2004,NYJ,16,10,6,0,333,261,0.625,72,REG
2004,OAK,16,5,11,0,320,442,0.3125,-122,REG
2004,PHI,16,13,3,0,386,260,0.8125,126,REG
2004,PIT,16,15,1,0,372,251,0.9375,121,REG
2004,SEA,16,9,7,0,371,373,0.5625,-2,REG
2004,SF,16,2,14,0,259,452,0.125,-193,REG
2004,TB,16,5,11,0,301,304,0.3125,-3,REG
2004,TEN,16,5,11,0,344,439,0.3125,-95,REG
2004,WSH,16,6,10,0,240,265,0.375,-25,REG
2005,ARI,16,5,11,0,311,387,0.3125,-76,REG
2005,ATL,16,8,8,0,351,341,0.5,10,REG
2005,BAL,16,6,10,0,265,299,0.375,-34,REG
2005,BUF,16,5,11,0,271,367,0.3125,-96,REG
2005,CAR,16,11,5,0,391,259,0.6875,132,REG
2005,CHI,16,11,5,0,260,202,0.6875,58,REG
2005,CIN,16,11,5,0,421,350,0.6875,71,REG
2005,CLE,16,6,10,0,232,301,0.375,-69,REG
2005,DAL,16,9,7,0,325,308,0.5625,17,REG
2005,DEN,16,13,3,0,395,258,0.8125,137,REG
2005,DET,16,5,11,0,254,345,0.3125,-91,REG
2005,GB,16,4,12,0,298,344,0.25,-46,REG
2005,HOU,16,2,14,0,260,431,0.125,-171,REG
2005,IND,16,14,2,0,439,247,0.875,192,REG
2005,JAX,16,12,4,0,361,269,0.75,92,REG
2005,KC,16,10,6,0,403,325,0.625,78,REG
2005,LAC,16,9,7,0,418,312,0.5625,106,REG
2005,LAR,16,6,10,0,363,429,0.375,-66,REG
2005,MIA,16,9,7,0,318,317,0.5625,1,REG
2005,MIN,16,9,7,0,306,344,0.5625,-38,REG
2005,NE,16,10,6,0,379,338,0.625,41,REG
2005,NO,16,3,13,0,235,398,0.1875,-163,REG
2005,NYG,16,11,5,0,422,314,0.6875,108,REG
2005,NYJ,16,4,12,0,240,355,0.25,-115,REG
2005,OAK,16,4,12,0,290,383,0.25,-93,REG
2005,PHI,16,6,10,0,310,388,0.375,-78,REG
2005,PIT,16,11,5,0,389,258,0.6875,131,REG
2005,SEA,16,13,3,0,452,271,0.8125,181,REG
2005,SF,16,4,12,0,239,428,0.25,-189,REG
2005,TB,16,11,5,0,300,274,0.6875,26,REG
2005,TEN,16,4,12,0,299,421,0.25,-122,REG
2005,WSH,16,10,6,0,359,293,0.625,66,REG
2006,ARI,16,5,11,0,314,389,0.3125,-75,REG
2006,ATL,16,7,9,0,292,328,0.4375,-36,REG
2006,BAL,16,13,3,0,353,201,0.8125,152,REG
2006,BUF,16,7,9,0,300,311,0.4375,-11,REG
2006,CAR,16,8,8,0,270,305,0.5,-35,REG
2006,CHI,16,13,3,0,427,255,0.8125,172,REG
2006,CIN,16,8,8,0,373,331,0.5,42,REG
2006,CLE,16,4,12,0,238,356,0.25,-118,REG
2006,DAL,16,9,7,0,425,350,0.5625,75,REG
2006,DEN,16,9,7,0,319,305,0.5625,14,REG
2006,DET,16,3,13,0,305,398,0.1875,-93,REG
2006,GB,16,8,8,0,301,366,0.5,-65,REG
2006,HOU,16,6,10,0,267,366,0.375,-99,REG
2006,IND,16,12,4,0,427,360,0.75,67,REG
2006,JAX,16,8,8,0,371,274,0.5,97,REG
2006,KC,16,9,7,0,331,315,0.5625,16,REG
2006,LAC,16,14,2,0,492,303,0.875,189,REG
2006,LAR,16,8,8,0,367,381,0.5,-14,REG
2006,MIA,16,6,10,0,260,283,0.375,-23,REG
2006,MIN,16,6,10,0,282,327,0.375,-45,REG
2006,NE,16,12,4,0,385,237,0.75,148,REG
2006,NO,16,10,6,0,413,322,0.625,91,REG
2006,NYG,16,8,8,0,355,362,0.5,-7,REG
2006,NYJ,16,10,6,0,316,295,0.625,21,REG
2006,OAK,16,2,14,0,168,332,0.125,-164,REG
2006,PHI,16,10,6,0,398,328,0.625,70,REG
2006,PIT,16,8,8,0,353,315,0.5,38,REG
2006,SEA,16,9,7,0,335,341,0.5625,-6,REG
2006,SF,16,7,9,0,298,412,0.4375,-114,REG
2006,TB,16,4,12,0,211,353,0.25,-142,REG
2006,TEN,16,8,8,0,324,400,0.5,-76,REG
2006,WSH,16,5,11,0,307,376,0.3125,-69,REG
2007,ARI,16,8,8,0,404,399,0.5,5,REG
2007,ATL,16,4,12,0,259,414,0.25,-155,REG
2007,BAL,16,5,11,0,275,384,0.3125,-109,REG
2007,BUF,16,7,9,0,252,354,0.4375,-102,REG
2007,CAR,16,7,9,0,267,347,0.4375,-80,REG
2007,CHI,16,7,9,0,334,348,0.4375,-14,REG
2007,CIN,16,7,9,0,380,385,0.4375,-5,REG
2007,CLE,16,10,6,0,402,382,0.625,20,REG
2007,DAL,16,13,3,0,455,325,0.8125,130,REG
2007,DEN,16,7,9,0,320,409,0.4375,-89,REG
2007,DET,16,7,9,0,346,444,0.4375,-98,REG
2007,GB,16,13,3,0,435,291,0.8125,144,REG
2007,HOU,16,8,8,0,379,384,0.5,-5,REG
2007,IND,16,13,3,0,450,262,0.8125,188,REG
2007,JAX,16,11,5,0,411,304,0.6875,107,REG
2007,KC,16,4,12,0,226,335,0.25,-109,REG
2007,LAC,16,11,5,0,412,284,0.6875,128,REG
2007,LAR,16,3,13,0,263,438,0.1875,-175,REG
2007,MIA,16,1,15,0,267,437,0.0625,-170,REG
2007,MIN,16,8,8,0,365,311,0.5,54,REG
2007,NE,16,16,0,0,589,274,1,315,REG
2007,NO,16,7,9,0,379,388,0.4375,-9,REG
2007,NYG,16,10,6,0,373,351,0.625,22,REG
2007,NYJ,16,4,12,0,268,355,0.25,-87,REG
2007,OAK,16,4,12,0,283,398,0.25,-115,REG
2007,PHI,16,8,8,0,336,300,0.5,36,REG
2007,PIT,16,10,6,0,393,269,0.625,124,REG
2007,SEA,16,10,6,0,393,291,0.625,102,REG
2007,SF,16,5,11,0,219,364,0.3125,-145,REG
2007,TB,16,9,7,0,334,270,0.5625,64,REG
2007,TEN,16,10,6,0,301,297,0.625,4,REG
2007,WSH,16,9,7,0,334,310,0.5625,24,REG
2008,ARI,16,9,7,0,427,426,0.5625,1,REG
2008,ATL,16,11,5,0,391,325,0.6875,66,REG
2008,BAL,16,11,5,0,385,244,0.6875,141,REG
2008,BUF,16,7,9,0,336,342,0.4375,-6,REG
2008,CAR,16,12,4,0,414,329,0.75,85,REG
2008,CHI,16,9,7,0,375,350,0.5625,25,REG
2008,CIN,16,4,11,1,204,364,0.28125,-160,REG
2008,CLE,16,4,12,0,232,350,0.25,-118,REG
2008,DAL,16,9,7,0,362,365,0.5625,-3,REG
2008,DEN,16,8,8,0,370,448,0.5,-78,REG
2008,DET,16,0,16,0,268,517,0,-249,REG
2008,GB,16,6,10,0,419,380,0.375,39,REG
2008,HOU,16,8,8,0,366,394,0.5,-28,REG
2008,IND,16,12,4,0,377,298,0.75,79,REG
2008,JAX,16,5,11,0,302,367,0.3125,-65,REG
2008,KC,16,2,14,0,291,440,0.125,-149,REG
2008,LAC,16,8,8,0,439,347,0.5,92,REG
2008,LAR,16,2,14,0,232,465,0.125,-233,REG
2008,MIA,16,11,5,0,345,317,0.6875,28,REG
2008,MIN,16,10,6,0,379,333,0.625,46,REG
2008,NE,16,11,5,0,410,309,0.6875,101,REG
2008,NO,16,8,8,0,463,393,0.5,70,REG
2008,NYG,16,12,4,0,427,294,0.75,133,REG
2008,NYJ,16,9,7,0,405,356,0.5625,49,REG
2008,OAK,16,5,11,0,263,388,0.3125,-125,REG
2008,PHI,16,9,6,1,416,289,0.59375,127,REG
2008,PIT,16,12,4,0,347,223,0.75,124,REG
2008,SEA,16,4,12,0,294,392,0.25,-98,REG
2008,SF,16,7,9,0,339,381,0.4375,-42,REG
2008,TB,16,9,7,0,361,323,0.5625,38,REG
2008,TEN,16,13,3,0,375,234,0.8125,141,REG
2008,WSH,16,8,8,0,265,296,0.5,-31,REG
2009,ARI,16,10,6,0,375,325,0.625,50,REG
2009,ATL,16,9,7,0,363,325,0.5625,38,REG
2009,BAL,16,9,7,0,391,261,0.5625,130,REG
2009,BUF,16,6,10,0,258,326,0.375,-68,REG
2009,CAR,16,8,8,0,315,308,0.5,7,REG
2009,CHI,16,7,9,0,327,375,0.4375,-48,REG
2009,CIN,16,10,6,0,305,291,0.625,14,REG
2009,CLE,16,5,11,0,245,375,0.3125,-130,REG
2009,DAL,16,11,5,0,361,250,0.6875,111,REG
2009,DEN,16,8,8,0,326,324,0.5,2,REG
2009,DET,16,2,14,0,262,494,0.125,-232,REG
2009,GB,16,11,5,0,461,297,0.6875,164,REG
2009,HOU,16,9,7,0,388,333,0.5625,55,REG
2009,IND,16,14,2,0,416,307,0.875,109,REG
2009,JAX,16,7,9,0,290,380,0.4375,-90,REG
2009,KC,16,4,12,0,294,424,0.25,-130,REG
2009,LAC,16,13,3,0,454,320,0.8125,134,REG
2009,LAR,16,1,15,0,175,436,0.0625,-261,REG
2009,MIA,16,7,9,0,360,390,0.4375,-30,REG
2009,MIN,16,12,4,0,470,312,0.75,158,REG
2009,NE,16,10,6,0,427,285,0.625,142,REG
2009,NO,16,13,3,0,510,341,0.8125,169,REG
2009,NYG,16,8,8,0,402,427,0.5,-25,REG
2009,NYJ,16,9,7,0,348,236,0.5625,112,REG
2009,OAK,16,5,11,0,197,379,0.3125,-182,REG
2009,PHI,16,11,5,0,429,337,0.6875,92,REG
2009,PIT,16,9,7,0,368,324,0.5625,44,REG
2009,SEA,16,5,11,0,280,390,0.3125,-110,REG
2009,SF,16,8,8,0,330,281,0.5,49,REG
2009,TB,16,3,13,0,244,400,0.1875,-156,REG
2009,TEN,16,8,8,0,354,402,0.5,-48,REG
2009,WSH,16,4,12,0,266,336,0.25,-70,REG
2010,ARI,16,5,11,0,289,434,0.3125,-145,REG
2010,ATL,16,13,3,0,414,288,0.8125,126,REG
2010,BAL,16,12,4,0,357,270,0.75,87,REG
2010,BUF,16,4,12,0,283,425,0.25,-142,REG
2010,CAR,16,2,14,0,196,408,0.125,-212,REG
2010,CHI,16,11,5,0,334,286,0.6875,48,REG
2010,CIN,16,4,12,0,322,395,0.25,-73,REG
2010,CLE,16,5,11,0,271,332,0.3125,-61,REG
2010,DAL,16,6,10,0,394,436,0.375,-42,REG
2010,DEN,16,4,12,0,344,471,0.25,-127,REG
2010,DET,16,6,10,0,362,369,0.375,-7,REG
2010,GB,16,10,6,0,388,240,0.625,148,REG
2010,HOU,16,6,10,0,390,427,0.375,-37,REG
2010,IND,16,10,6,0,435,388,0.625,47,REG
2010,JAX,16,8,8,0,353,419,0.5,-66,REG
2010,KC,16,10,6,0,366,326,0.625,40,REG
2010,LAC,16,9,7,0,441,322,0.5625,119,REG
2010,LAR,16,7,9,0,289,328,0.4375,-39,REG
2010,MIA,16,7,9,0,273,333,0.4375,-60,REG
2010,MIN,16,6,10,0,281,348,0.375,-67,REG
2010,NE,16,14,2,0,518,313,0.875,205,REG
2010,NO,16,11,5,0,384,307,0.6875,77,REG
2010,NYG,16,10,6,0,394,347,0.625,47,REG
2010,NYJ,16,11,5,0,367,304,0.6875,63,REG
2010,OAK,16,8,8,0,410,371,0.5,39,REG
2010,PHI,16,10,6,0,439,377,0.625,62,REG
2010,PIT,16,12,4,0,375,232,0.75,143,REG
2010,SEA,16,7,9,0,310,407,0.4375,-97,REG
2010,SF,16,6,10,0,305,346,0.375,-41,REG
2010,TB,16,10,6,0,341,318,0.625,23,REG
2010,TEN,16,6,10,0,356,339,0.375,17,REG
2010,WSH,16,6,10,0,302,377,0.375,-75,REG
2011,ARI,16,8,8,0,312,348,0.5,-36,REG
2011,ATL,16,10,6,0,402,350,0.625,52,REG
2011,BAL,16,12,4,0,378,266,0.75,112,REG
2011,BUF,16,6,10,0,372,434,0.375,-62,REG
2011,CAR,16,6,10,0,406,429,0.375,-23,REG
2011,CHI,16,8,8,0,353,341,0.5,12,REG
2011,CIN,16,9,7,0,344,323,0.5625,21,REG
2011,CLE,16,4,12,0,218,307,0.25,-89,REG
2011,DAL,16,8,8,0,369,347,0.5,22,REG
2011,DEN,16,8,8,0,309,390,0.5,-81,REG
2011,DET,16,10,6,0,474,387,0.625,87,REG
2011,GB,16,15,1,0,560,359,0.9375,201,REG
2011,HOU,16,10,6,0,381,278,0.625,103,REG
2011,IND,16,2,14,0,243,430,0.125,-187,REG
2011,JAX,16,5,11,0,243,329,0.3125,-86,REG
2011,KC,16,7,9,0,212,338,0.4375,-126,REG
2011,LAC,16,8,8,0,406,377,0.5,29,REG
2011,LAR,16,2,14,0,193,407,0.125,-214,REG
2011,MIA,16,6,10,0,329,313,0.375,16,REG
2011,MIN,16,3,13,0,340,449,0.1875,-109,REG
2011,NE,16,13,3,0,513,342,0.8125,171,REG
2011,NO,16,13,3,0,547,339,0.8125,208,REG
2011,NYG,16,9,7,0,394,400,0.5625,-6,REG
2011,NYJ,16,8,8,0,377,363,0.5,14,REG
2011,OAK,16,8,8,0,359,433,0.5,-74,REG
2011,PHI,16,8,8,0,396,328,0.5,68,REG
2011,PIT,16,12,4,0,325,227,0.75,98,REG
2011,SEA,16,7,9,0,321,315,0.4375,6,REG
2011,SF,16,13,3,0,380,229,0.8125,151,REG
2011,TB,16,4,12,0,287,494,0.25,-207,REG
2011,TEN,16,9,7,0,325,317,0.5625,8,REG
2011,WSH,16,5,11,0,288,367,0.3125,-79,REG
2012,ARI,16,5,11,0,250,357,0.3125,-107,REG
2012,ATL,16,13,3,0,419,299,0.8125,120,REG
2012,BAL,16,10,6,0,398,344,0.625,54,REG
2012,BUF,16,6,10,0,344,435,0.375,-91,REG
2012,CAR,16,7,9,0,357,363,0.4375,-6,REG
2012,CHI,16,10,6,0,375,277,0.625,98,REG
2012,CIN,16,10,6,0,391,320,0.625,71,REG
2012,CLE,16,5,11,0,302,368,0.3125,-66,REG
2012,DAL,16,8,8,0,376,400,0.5,-24,REG
2012,DEN,16,13,3,0,481,289,0.8125,192,REG
2012,DET,16,4,12,0,372,437,0.25,-65,REG
2012,GB,16,11,5,0,433,336,0.6875,97,REG
2012,HOU,16,12,4,0,416,331,0.75,85,REG
2012,IND,16,11,5,0,357,387,0.6875,-30,REG
2012,JAX,16,2,14,0,255,444,0.125,-189,REG
2012,KC,16,2,14,0,211,425,0.125,-214,REG
2012,LAC,16,7,9,0,350,350,0.4375,0,REG
2012,LAR,16,7,8,1,299,348,0.46875,-49,REG
2012,MIA,16,7,9,0,288,317,0.4375,-29,REG
2012,MIN,16,10,6,0,379,348,0.625,31,REG
2012,NE,16,12,4,0,557,331,0.75,226,REG
2012,NO,16,7,9,0,461,454,0.4375,7,REG
2012,NYG,16,9,7,0,429,344,0.5625,85,REG
2012,NYJ,16,6,10,0,281,375,0.375,-94,REG
2012,OAK,16,4,12,0,290,443,0.25,-153,REG
2012,PHI,16,4,12,0,280,444,0.25,-164,REG
2012,PIT,16,8,8,0,336,314,0.5,22,REG
2012,SEA,16,11,5,0,412,245,0.6875,167,REG
2012,SF,16,11,4,1,397,273,0.71875,124,REG
2012,TB,16,7,9,0,389,394,0.4375,-5,REG
2012,TEN,16,6,10,0,330,471,0.375,-141,REG
2012,WSH,16,10,6,0,436,388,0.625,48,REG
2013,ARI,16,10,6,0,379,324,0.625,55,REG
2013,ATL,16,4,12,0,353,443,0.25,-90,REG
2013,BAL,16,8,8,0,320,352,0.5,-32,REG
2013,BUF,16,6,10,0,339,388,0.375,-49,REG
2013,CAR,16,12,4,0,366,241,0.75,125,REG
2013,CHI,16,8,8,0,445,478,0.5,-33,REG
2013,CIN,16,11,5,0,430,305,0.6875,125,REG
2013,CLE,16,4,12,0,308,406,0.25,-98,REG
2013,DAL,16,8,8,0,439,432,0.5,7,REG
2013,DEN,16,13,3,0,606,399,0.8125,207,REG
2013,DET,16,7,9,0,395,376,0.4375,19,REG
2013,GB,16,8,7,1,417,428,0.53125,-11,REG
2013,HOU,16,2,14,0,276,428,0.125,-152,REG
2013,IND,16,11,5,0,391,336,0.6875,55,REG
2013,JAX,16,4,12,0,247,449,0.25,-202,REG
2013,KC,16,11,5,0,430,305,0.6875,125,REG
2013,LAC,16,9,7,0,396,348,0.5625,48,REG
2013,LAR,16,7,9,0,348,364,0.4375,-16,REG
2013,MIA,16,8,8,0,317,335,0.5,-18,REG
2013,MIN,16,5,10,1,391,480,0.34375,-89,REG
2013,NE,16,12,4,0,444,338,0.75,106,REG
2013,NO,16,11,5,0,414,304,0.6875,110,REG
2013,NYG,16,7,9,0,294,383,0.4375,-89,REG
2013,NYJ,16,8,8,0,290,387,0.5,-97,REG
2013,OAK,16,4,12,0,322,453,0.25,-131,REG
2013,PHI,16,10,6,0,442,382,0.625,60,REG
2013,PIT,16,8,8,0,379,370,0.5,9,REG
2013,SEA,16,13,3,0,417,231,0.8125,186,REG
2013,SF,16,12,4,0,406,272,0.75,134,REG
2013,TB,16,4,12,0,288,389,0.25,-101,REG
2013,TEN,16,7,9,0,362,381,0.4375,-19,REG
2013,WSH,16,3,13,0,334,478,0.1875,-144,REG
2014,ARI,16,11,5,0,310,299,0.6875,11,REG
2014,ATL,16,6,10,0,381,417,0.375,-36,REG
2014,BAL,16,10,6,0,409,302,0.625,107,REG
2014,BUF,16,9,7,0,343,289,0.5625,54,REG
2014,CAR,16,7,8,1,339,374,0.46875,-35,REG
2014,CHI,16,5,11,0,319,442,0.3125,-123,REG
2014,CIN,16,10,5,1,365,344,0.65625,21,REG
2014,CLE,16,7,9,0,299,337,0.4375,-38,REG
2014,DAL,16,12,4,0,467,352,0.75,115,REG
2014,DEN,16,12,4,0,482,354,0.75,128,REG
2014,DET,16,11,5,0,321,282,0.6875,39,REG
2014,GB,16,12,4,0,486,348,0.75,138,REG
2014,HOU,16,9,7,0,372,307,0.5625,65,REG
2014,IND,16,11,5,0,458,369,0.6875,89,REG
2014,JAX,16,3,13,0,249,412,0.1875,-163,REG
2014,KC,16,9,7,0,353,281,0.5625,72,REG
2014,LAC,16,9,7,0,348,348,0.5625,0,REG
2014,LAR,16,6,10,0,324,354,0.375,-30,REG
2014,MIA,16,8,8,0,388,373,0.5,15,REG
2014,MIN,16,7,9,0,325,343,0.4375,-18,REG
2014,NE,16,12,4,0,468,313,0.75,155,REG
2014,NO,16,7,9,0,401,424,0.4375,-23,REG
2014,NYG,16,6,10,0,380,400,0.375,-20,REG
2014,NYJ,16,4,12,0,283,401,0.25,-118,REG
2014,OAK,16,3,13,0,253,452,0.1875,-199,REG
2014,PHI,16,10,6,0,474,400,0.625,74,REG
2014,PIT,16,11,5,0,436,368,0.6875,68,REG
2014,SEA,16,12,4,0,394,254,0.75,140,REG
2014,SF,16,8,8,0,306,340,0.5,-34,REG
2014,TB,16,2,14,0,277,410,0.125,-133,REG
2014,TEN,16,2,14,0,254,438,0.125,-184,REG
2014,WSH,16,4,12,0,301,438,0.25,-137,REG
2015,ARI,16,13,3,0,489,313,0.8125,176,REG
2015,ATL,16,8,8,0,339,345,0.5,-6,REG
2015,BAL,16,5,11,0,328,401,0.3125,-73,REG
2015,BUF,16,8,8,0,379,359,0.5,20,REG
2015,CAR,16,15,1,0,500,308,0.9375,192,REG
2015,CHI,16,6,10,0,335,397,0.375,-62,REG
2015,CIN,16,12,4,0,419,279,0.75,140,REG
2015,CLE,16,3,13,0,278,432,0.1875,-154,REG
2015,DAL,16,4,12,0,275,374,0.25,-99,REG
2015,DEN,16,12,4,0,355,296,0.75,59,REG
2015,DET,16,7,9,0,358,400,0.4375,-42,REG
2015,GB,16,10,6,0,368,323,0.625,45,REG
2015,HOU,16,9,7,0,339,313,0.5625,26,REG
2015,IND,16,8,8,0,333,408,0.5,-75,REG
2015,JAX,16,5,11,0,376,448,0.3125,-72,REG
2015,KC,16,11,5,0,405,287,0.6875,118,REG
2015,LAC,16,4,12,0,320,398,0.25,-78,REG
2015,LAR,16,7,9,0,280,330,0.4375,-50,REG
2015,MIA,16,6,10,0,310,389,0.375,-79,REG
2015,MIN,16,11,5,0,365,302,0.6875,63,REG
2015,NE,16,12,4,0,465,315,0.75,150,REG
2015,NO,16,7,9,0,408,476,0.4375,-68,REG
2015,NYG,16,6,10,0,420,442,0.375,-22,REG
2015,NYJ,16,10,6,0,387,314,0.625,73,REG
2015,OAK,16,7,9,0,359,399,0.4375,-40,REG
2015,PHI,16,7,9,0,377,430,0.4375,-53,REG
2015,PIT,16,10,6,0,423,319,0.625,104,REG
2015,SEA,16,10,6,0,423,277,0.625,146,REG
2015,SF,16,5,11,0,238,387,0.3125,-149,REG
2015,TB,16,6,10,0,342,417,0.375,-75,REG
2015,TEN,16,3,13,0,299,423,0.1875,-124,REG
2015,WSH,16,9,7,0,388,379,0.5625,9,REG
2016,ARI,16,7,8,1,418,362,0.46875,56,REG
2016,ATL,16,11,5,0,540,406,0.6875,134,REG
2016,BAL,16,8,8,0,343,321,0.5,22,REG
2016,BUF,16,7,9,0,399,378,0.4375,21,REG
2016,CAR,16,6,10,0,369,402,0.375,-33,REG
2016,CHI,16,3,13,0,279,399,0.1875,-120,REG
2016,CIN,16,6,9,1,325,315,0.40625,10,REG
2016,CLE,16,1,15,0,264,452,0.0625,-188,REG
2016,DAL,16,13,3,0,421,306,0.8125,115,REG
2016,DEN,16,9,7,0,333,297,0.5625,36,REG
2016,DET,16,9,7,0,346,358,0.5625,-12,REG
2016,GB,16,10,6,0,432,388,0.625,44,REG
2016,HOU,16,9,7,0,279,328,0.5625,-49,REG
2016,IND,16,8,8,0,411,392,0.5,19,REG
2016,JAX,16,3,13,0,318,400,0.1875,-82,REG
2016,KC,16,12,4,0,389,311,0.75,78,REG
2016,LAC,16,5,11,0,410,423,0.3125,-13,REG
2016,LAR,16,4,12,0,224,394,0.25,-170,REG
2016,MIA,16,10,6,0,363,380,0.625,-17,REG
2016,MIN,16,8,8,0,327,307,0.5,20,REG
2016,NE,16,14,2,0,441,250,0.875,191,REG
2016,NO,16,7,9,0,469,454,0.4375,15,REG
2016,NYG,16,11,5,0,310,284,0.6875,26,REG
2016,NYJ,16,5,11,0,275,409,0.3125,-134,REG
2016,OAK,16,12,4,0,416,385,0.75,31,REG
2016,PHI,16,7,9,0,367,331,0.4375,36,REG
2016,PIT,16,11,5,0,399,327,0.6875,72,REG
2016,SEA,16,10,5,1,354,292,0.65625,62,REG
2016,SF,16,2,14,0,309,480,0.125,-171,REG
2016,TB,16,9,7,0,354,369,0.5625,-15,REG
2016,TEN,16,9,7,0,381,378,0.5625,3,REG
2016,WSH,16,8,7,1,396,383,0.53125,13,REG
2017,ARI,16,8,8,0,295,361,0.5,-66,REG
2017,ATL,16,10,6,0,353,315,0.625,38,REG
2017,BAL,16,9,7,0,395,303,0.5625,92,REG
2017,BUF,16,9,7,0,302,359,0.5625,-57,REG
2017,CAR,16,11,5,0,363,327,0.6875,36,REG
2017,CHI,16,5,11,0,264,320,0.3125,-56,REG
2017,CIN,16,7,9,0,290,349,0.4375,-59,REG
2017,CLE,16,0,16,0,234,410,0,-176,REG
2017,DAL,16,9,7,0,354,332,0.5625,22,REG
2017,DEN,16,5,11,0,289,382,0.3125,-93,REG
2017,DET,16,9,7,0,410,376,0.5625,34,REG
2017,GB,16,7,9,0,320,384,0.4375,-64,REG
2017,HOU,16,4,12,0,338,436,0.25,-98,REG
2017,IND,16,4,12,0,263,404,0.25,-141,REG
2017,JAX,16,10,6,0,417,268,0.625,149,REG
2017,KC,16,10,6,0,415,339,0.625,76,REG
2017,LAC,16,9,7,0,355,272,0.5625,83,REG
2017,LAR,16,11,5,0,478,329,0.6875,149,REG
2017,MIA,16,6,10,0,281,393,0.375,-112,REG
2017,MIN,16,13,3,0,382,252,0.8125,130,REG
2017,NE,16,13,3,0,458,296,0.8125,162,REG
2017,NO,16,11,5,0,448,326,0.6875,122,REG
2017,NYG,16,3,13,0,246,388,0.1875,-142,REG
2017,NYJ,16,5,11,0,298,382,0.3125,-84,REG
2017,OAK,16,6,10,0,301,373,0.375,-72,REG
2017,PHI,16,13,3,0,457,295,0.8125,162,REG
2017,PIT,16,13,3,0,406,308,0.8125,98,REG
2017,SEA,16,9,7,0,366,332,0.5625,34,REG
2017,SF,16,6,10,0,331,383,0.375,-52,REG
2017,TB,16,5,11,0,335,382,0.3125,-47,REG
2017,TEN,16,9,7,0,334,356,0.5625,-22,REG
2017,WSH,16,7,9,0,342,388,0.4375,-46,REG
2018,ARI,16,3,13,0,225,425,0.1875,-200,REG
2018,ATL,16,7,9,0,414,423,0.4375,-9,REG
2018,BAL,16,10,6,0,389,287,0.625,102,REG
2018,BUF,16,6,10,0,269,374,0.375,-105,REG
2018,CAR,16,7,9,0,376,382,0.4375,-6,REG
2018,CHI,16,12,4,0,421,283,0.75,138,REG
2018,CIN,16,6,10,0,368,455,0.375,-87,REG
2018,CLE,16,7,8,1,359,392,0.46875,-33,REG
2018,DAL,16,10,6,0,339,324,0.625,15,REG
2018,DEN,16,6,10,0,329,349,0.375,-20,REG
2018,DET,16,6,10,0,324,360,0.375,-36,REG
2018,GB,16,6,9,1,376,400,0.40625,-24,REG
2018,HOU,16,11,5,0,402,316,0.6875,86,REG
2018,IND,16,10,6,0,433,344,0.625,89,REG
2018,JAX,16,5,11,0,245,316,0.3125,-71,REG
2018,KC,16,12,4,0,565,421,0.75,144,REG
2018,LAC,16,12,4,0,428,329,0.75,99,REG
2018,LAR,16,13,3,0,527,384,0.8125,143,REG
2018,MIA,16,7,9,0,319,433,0.4375,-114,REG
2018,MIN,16,8,7,1,360,341,0.53125,19,REG
2018,NE,16,11,5,0,436,325,0.6875,111,REG
2018,NO,16,13,3,0,504,353,0.8125,151,REG
2018,NYG,16,5,11,0,369,412,0.3125,-43,REG
2018,NYJ,16,4,12,0,333,441,0.25,-108,REG
2018,OAK,16,4,12,0,290,467,0.25,-177,REG
2018,PHI,16,9,7,0,367,348,0.5625,19,REG
2018,PIT,16,9,6,1,428,360,0.59375,68,REG
2018,SEA,16,10,6,0,428,347,0.625,81,REG
2018,SF,16,4,12,0,342,435,0.25,-93,REG
2018,TB,16,5,11,0,396,464,0.3125,-68,REG
2018,TEN,16,9,7,0,310,303,0.5625,7,REG
2018,WSH,16,7,9,0,281,359,0.4375,-78,REG
2019,ARI,16,5,10,1,361,442,0.34375,-81,REG
2019,ATL,16,7,9,0,381,399,0.4375,-18,REG
2019,BAL,16,14,2,0,531,282,0.875,249,REG
2019,BUF,16,10,6,0,314,259,0.625,55,REG
2019,CAR,16,5,11,0,340,470,0.3125,-130,REG
2019,CHI,16,8,8,0,280,298,0.5,-18,REG
2019,CIN,16,2,14,0,279,420,0.125,-141,REG
2019,CLE,16,6,10,0,335,393,0.375,-58,REG
2019,DAL,16,8,8,0,434,321,0.5,113,REG
2019,DEN,16,7,9,0,282,316,0.4375,-34,REG
2019,DET,16,3,12,1,341,423,0.21875,-82,REG
2019,GB,16,13,3,0,376,313,0.8125,63,REG
2019,HOU,16,10,6,0,378,385,0.625,-7,REG
2019,IND,16,7,9,0,361,373,0.4375,-12,REG
2019,JAX,16,6,10,0,300,397,0.375,-97,REG
2019,KC,16,12,4,0,451,308,0.75,143,REG
2019,LAC,16,5,11,0,337,345,0.3125,-8,REG
2019,LAR,16,9,7,0,394,364,0.5625,30,REG
2019,MIA,16,5,11,0,306,494,0.3125,-188,REG
2019,MIN,16,10,6,0,407,303,0.625,104,REG
2019,NE,16,12,4,0,420,225,0.75,195,REG
2019,NO,16,13,3,0,458,341,0.8125,117,REG
2019,NYG,16,4,12,0,341,451,0.25,-110,REG
2019,NYJ,16,7,9,0,276,359,0.4375,-83,REG
2019,OAK,16,7,9,0,313,419,0.4375,-106,REG
2019,PHI,16,9,7,0,385,354,0.5625,31,REG
2019,PIT,16,8,8,0,289,303,0.5,-14,REG
2019,SEA,16,11,5,0,405,398,0.6875,7,REG
2019,SF,16,13,3,0,479,310,0.8125,169,REG
2019,TB,16,7,9,0,458,449,0.4375,9,REG
2019,TEN,16,9,7,0,402,331,0.5625,71,REG
2019,WSH,16,3,13,0,266,435,0.1875,-169,REG
2020,ARI,16,8,8,0,410,367,0.5,43,REG
2020,ATL,16,4,12,0,396,414,0.25,-18,REG
2020,BAL,16,11,5,0,468,303,0.6875,165,REG
2020,BUF,16,13,3,0,501,375,0.8125,126,REG
2020,CAR,16,5,11,0,350,402,0.3125,-52,REG
2020,CHI,16,8,8,0,372,370,0.5,2,REG
2020,CIN,16,4,11,1,311,424,0.28125,-113,REG
2020,CLE,16,11,5,0,408,419,0.6875,-11,REG
2020,DAL,16,6,10,0,395,473,0.375,-78,REG
2020,DEN,16,5,11,0,323,446,0.3125,-123,REG
2020,DET,16,5,11,0,377,519,0.3125,-142,REG
2020,GB,16,13,3,0,509,369,0.8125,140,REG
2020,HOU,16,4,12,0,384,464,0.25,-80,REG
2020,IND,16,11,5,0,451,362,0.6875,89,REG
2020,JAX,16,1,15,0,306,492,0.0625,-186,REG
2020,KC,16,14,2,0,473,362,0.875,111,REG
2020,LAC,16,7,9,0,384,426,0.4375,-42,REG
2020,LAR,16,10,6,0,372,296,0.625,76,REG
2020,MIA,16,10,6,0,404,338,0.625,66,REG
2020,MIN,16,7,9,0,430,475,0.4375,-45,REG
2020,NE,16,7,9,0,326,353,0.4375,-27,REG
2020,NO,16,12,4,0,482,337,0.75,145,REG
2020,NYG,16,6,10,0,280,357,0.375,-77,REG
2020,NYJ,16,2,14,0,243,457,0.125,-214,REG
2020,OAK,16,8,8,0,434,478,0.5,-44,REG
2020,PHI,16,4,11,1,334,418,0.28125,-84,REG
2020,PIT,16,12,4,0,416,312,0.75,104,REG
2020,SEA,16,12,4,0,459,371,0.75,88,REG
2020,SF,16,6,10,0,376,390,0.375,-14,REG
2020,TB,16,11,5,0,492,355,0.6875,137,REG
2020,TEN,16,11,5,0,491,439,0.6875,52,REG
2020,WSH,16,7,9,0,335,329,0.4375,6,REG
